,Wavelength,all_lambda,lambda_lt_6500,lambda_features,lambda_3500_8000
0,3010.0000000000014,1.0,1.0,0.0,0.0
1,3013.301916195297,1.0,1.0,0.0,0.0
2,3016.6074545336332,1.0,1.0,0.0,0.0
3,3019.916618988442,1.0,1.0,0.0,0.0
4,3023.2294135375028,1.0,1.0,0.0,0.0
5,3026.545842162969,1.0,1.0,0.0,0.0
6,3029.8659088513523,1.0,1.0,0.0,0.0
7,3033.1896175935485,1.0,1.0,0.0,0.0
8,3036.51697238482,1.0,1.0,0.0,0.0
9,3039.8479772248224,1.0,1.0,0.0,0.0
10,3043.1826361175886,1.0,1.0,0.0,0.0
11,3046.520953071555,1.0,1.0,0.0,0.0
12,3049.8629320995437,1.0,1.0,0.0,0.0
13,3053.20857721879,1.0,1.0,0.0,0.0
14,3056.557892450925,1.0,1.0,0.0,0.0
15,3059.9108818220025,1.0,1.0,0.0,0.0
16,3063.267549362481,1.0,1.0,0.0,0.0
17,3066.627899107253,1.0,1.0,0.0,0.0
18,3069.9919350956247,1.0,1.0,0.0,0.0
19,3073.3596613713457,1.0,1.0,0.0,0.0
20,3076.7310819825884,1.0,1.0,0.0,0.0
21,3080.1062009819802,1.0,1.0,0.0,0.0
22,3083.4850224265792,1.0,1.0,0.0,0.0
23,3086.867550377909,1.0,1.0,0.0,0.0
24,3090.2537889019345,1.0,1.0,0.0,0.0
25,3093.6437420690936,1.0,1.0,0.0,0.0
26,3097.037413954278,1.0,1.0,0.0,0.0
27,3100.43480863686,1.0,1.0,0.0,0.0
28,3103.8359302006766,1.0,1.0,0.0,0.0
29,3107.2407827340553,1.0,1.0,0.0,0.0
30,3110.6493703297974,1.0,1.0,0.0,0.0
31,3114.0616970852057,1.0,1.0,0.0,0.0
32,3117.477767102065,1.0,1.0,0.0,0.0
33,3120.8975844866727,1.0,1.0,0.0,0.0
34,3124.3211533498175,1.0,1.0,0.0,0.0
35,3127.7484778068115,1.0,1.0,0.0,0.0
36,3131.1795619774666,1.0,1.0,0.0,0.0
37,3134.6144099861285,1.0,1.0,0.0,0.0
38,3138.053025961654,1.0,1.0,0.0,0.0
39,3141.495414037441,1.0,1.0,0.0,0.0
40,3144.9415783514105,1.0,1.0,0.0,0.0
41,3148.3915230460343,1.0,1.0,0.0,0.0
42,3151.845252268316,1.0,1.0,0.0,0.0
43,3155.3027701698215,1.0,1.0,0.0,0.0
44,3158.7640809066575,1.0,1.0,0.0,0.0
45,3162.2291886395024,1.0,1.0,0.0,0.0
46,3165.6980975335878,1.0,1.0,0.0,0.0
47,3169.170811758725,1.0,1.0,0.0,0.0
48,3172.6473354892883,1.0,1.0,0.0,0.0
49,3176.127672904243,1.0,1.0,0.0,0.0
50,3179.611828187127,1.0,1.0,0.0,0.0
51,3183.0998055260784,1.0,1.0,0.0,0.0
52,3186.5916091138192,1.0,1.0,0.0,0.0
53,3190.087243147682,1.0,1.0,0.0,0.0
54,3193.586711829591,1.0,1.0,0.0,0.0
55,3197.090019366093,1.0,1.0,0.0,0.0
56,3200.597169968337,1.0,1.0,0.0,0.0
57,3204.108167852103,1.0,1.0,0.0,0.0
58,3207.6230172377846,1.0,1.0,0.0,0.0
59,3211.141722350416,1.0,1.0,0.0,0.0
60,3214.664287419655,1.0,1.0,0.0,0.0
61,3218.190716679811,1.0,1.0,0.0,0.0
62,3221.721014369826,1.0,1.0,0.0,0.0
63,3225.255184733305,1.0,1.0,0.0,0.0
64,3228.793232018496,1.0,1.0,0.0,0.0
65,3232.3351604783174,1.0,1.0,0.0,0.0
66,3235.880974370343,1.0,1.0,0.0,0.0
67,3239.430677956829,1.0,1.0,0.0,0.0
68,3242.9842755046943,1.0,1.0,0.0,0.0
69,3246.541771285551,1.0,1.0,0.0,0.0
70,3250.1031695756847,1.0,1.0,0.0,0.0
71,3253.6684746560845,1.0,1.0,0.0,0.0
72,3257.2376908124234,1.0,1.0,0.0,0.0
73,3260.8108223350882,1.0,1.0,0.0,0.0
74,3264.3878735191597,1.0,1.0,0.0,0.0
75,3267.968848664442,1.0,1.0,0.0,0.0
76,3271.553752075444,1.0,1.0,0.0,0.0
77,3275.1425880614106,1.0,1.0,0.0,0.0
78,3278.7353609362985,1.0,1.0,0.0,0.0
79,3282.332075018812,1.0,1.0,0.0,0.0
80,3285.932734632381,1.0,1.0,0.0,0.0
81,3289.53734410518,1.0,1.0,0.0,0.0
82,3293.1459077701406,1.0,1.0,0.0,0.0
83,3296.7584299649343,1.0,1.0,0.0,0.0
84,3300.3749150320036,1.0,1.0,0.0,0.0
85,3303.9953673185423,1.0,1.0,0.0,0.0
86,3307.619791176526,1.0,1.0,0.0,0.0
87,3311.2481909626913,1.0,1.0,0.0,0.0
88,3314.8805710385664,1.0,1.0,0.0,0.0
89,3318.5169357704513,1.0,1.0,0.0,0.0
90,3322.157289529449,1.0,1.0,0.0,0.0
91,3325.801636691445,1.0,1.0,0.0,0.0
92,3329.4499816371367,1.0,1.0,0.0,0.0
93,3333.1023287520156,1.0,1.0,0.0,0.0
94,3336.758682426396,1.0,1.0,0.0,0.0
95,3340.419047055395,1.0,1.0,0.0,0.0
96,3344.083427038965,1.0,1.0,0.0,0.0
97,3347.7518267818723,1.0,1.0,0.0,0.0
98,3351.4242506937267,1.0,1.0,0.0,0.0
99,3355.1007031889635,1.0,1.0,0.0,0.0
100,3358.781188686873,1.0,1.0,0.0,0.0
101,3362.4657116115804,1.0,1.0,0.0,0.0
102,3366.154276392078,1.0,1.0,0.0,0.0
103,3369.8468874622017,1.0,1.0,0.0,0.0
104,3373.543549260666,1.0,1.0,0.0,0.0
105,3377.2442662310414,1.0,1.0,0.0,0.0
106,3380.949042821785,1.0,1.0,0.0,0.0
107,3384.657883486221,1.0,1.0,0.0,0.0
108,3388.3707926825728,1.0,1.0,0.0,0.0
109,3392.0877748739404,1.0,1.0,0.0,0.0
110,3395.8088345283327,1.0,1.0,0.0,0.0
111,3399.5339761186474,1.0,1.0,0.0,0.0
112,3403.263204122702,1.0,1.0,0.0,0.0
113,3406.9965230232124,1.0,1.0,0.0,0.0
114,3410.733937307826,1.0,1.0,0.0,0.0
115,3414.475451469099,1.0,1.0,0.0,0.0
116,3418.2210700045293,1.0,1.0,0.0,0.0
117,3421.9707974165353,1.0,1.0,0.0,0.0
118,3425.7246382124886,1.0,1.0,0.0,0.0
119,3429.4825969046906,1.0,1.0,0.0,0.0
120,3433.2446780104065,1.0,1.0,0.0,0.0
121,3437.010886051843,1.0,1.0,0.0,0.0
122,3440.781225556183,1.0,1.0,0.0,0.0
123,3444.5557010555594,1.0,1.0,0.0,0.0
124,3448.334317087092,1.0,1.0,0.0,0.0
125,3452.117078192864,1.0,1.0,0.0,0.0
126,3455.9039889199544,1.0,1.0,0.0,0.0
127,3459.695053820417,1.0,1.0,0.0,0.0
128,3463.490277451312,1.0,1.0,0.0,0.0
129,3467.289664374686,1.0,1.0,0.0,0.0
130,3471.093219157603,1.0,1.0,0.0,0.0
131,3474.9009463721236,1.0,1.0,0.0,0.0
132,3478.712850595338,1.0,1.0,0.0,0.0
133,3482.5289364093424,1.0,1.0,0.0,0.0
134,3486.3492084012746,1.0,1.0,0.0,0.0
135,3490.1736711632902,1.0,1.0,0.0,0.0
136,3494.0023292925953,1.0,1.0,0.0,0.0
137,3497.8351873914266,1.0,1.0,0.0,0.0
138,3501.672250067082,1.0,1.0,0.0,1.0
139,3505.5135219319004,1.0,1.0,0.0,1.0
140,3509.3590076032942,1.0,1.0,0.0,1.0
141,3513.2087117037267,1.0,1.0,0.0,1.0
142,3517.0626388607466,1.0,1.0,0.0,1.0
143,3520.9207937069637,1.0,1.0,0.0,1.0
144,3524.7831808800847,1.0,1.0,0.0,1.0
145,3528.6498050228897,1.0,1.0,0.0,1.0
146,3532.520670783266,1.0,1.0,0.0,1.0
147,3536.3957828141847,1.0,1.0,0.0,1.0
148,3540.2751457737363,1.0,1.0,0.0,1.0
149,3544.158764325106,1.0,1.0,0.0,1.0
150,3548.046643136609,1.0,1.0,0.0,1.0
151,3551.938786881668,1.0,1.0,0.0,1.0
152,3555.835200238845,1.0,1.0,0.0,1.0
153,3559.735887891822,1.0,1.0,0.0,1.0
154,3563.640854529432,1.0,1.0,0.0,1.0
155,3567.550104845641,1.0,1.0,0.0,1.0
156,3571.4636435395637,1.0,1.0,0.0,1.0
157,3575.381475315482,1.0,1.0,0.0,1.0
158,3579.303604882822,1.0,1.0,0.0,1.0
159,3583.2300369561917,1.0,1.0,0.0,1.0
160,3587.1607762553563,1.0,1.0,0.0,1.0
161,3591.095827505272,1.0,1.0,0.0,1.0
162,3595.035195436066,1.0,1.0,0.0,1.0
163,3598.978884783065,1.0,1.0,0.0,1.0
164,3602.92690028678,1.0,1.0,0.0,1.0
165,3606.879246692934,1.0,1.0,0.0,1.0
166,3610.8359287524427,1.0,1.0,0.0,1.0
167,3614.796951221447,1.0,1.0,0.0,1.0
168,3618.762318861292,1.0,1.0,0.0,1.0
169,3622.732036438559,1.0,1.0,0.0,1.0
170,3626.706108725045,1.0,1.0,0.0,1.0
171,3630.684540497795,1.0,1.0,0.0,1.0
172,3634.66733653908,1.0,1.0,0.0,1.0
173,3638.654501636433,1.0,1.0,0.0,1.0
174,3642.6460405826215,1.0,1.0,0.0,1.0
175,3646.641958175688,1.0,1.0,0.0,1.0
176,3650.642259218922,1.0,1.0,0.0,1.0
177,3654.6469485208972,1.0,1.0,0.0,1.0
178,3658.656030895448,1.0,1.0,0.0,1.0
179,3662.669511161704,1.0,1.0,0.0,1.0
180,3666.6873941440663,1.0,1.0,0.0,1.0
181,3670.709684672243,1.0,1.0,0.02863048236918993,1.0
182,3674.7363875812252,1.0,1.0,0.5271295733179705,1.0
183,3678.767507711324,1.0,1.0,1.0,1.0
184,3682.803049908144,1.0,1.0,1.0,1.0
185,3686.8430190226213,1.0,1.0,1.0,1.0
186,3690.887419910998,1.0,1.0,1.0,1.0
187,3694.9362574348575,1.0,1.0,1.0,1.0
188,3698.9895364611025,1.0,1.0,1.0,1.0
189,3703.04726186199,1.0,1.0,1.0,1.0
190,3707.109438515105,1.0,1.0,1.0,1.0
191,3711.1760713033996,1.0,1.0,1.0,1.0
192,3715.247165115167,1.0,1.0,1.0,1.0
193,3719.3227248440776,1.0,1.0,1.0,1.0
194,3723.402755389155,1.0,1.0,1.0,1.0
195,3727.4872616548123,1.0,1.0,1.0,1.0
196,3731.576248550827,1.0,1.0,1.0,1.0
197,3735.669720992379,1.0,1.0,1.0,1.0
198,3739.7676839000233,1.0,1.0,1.0,1.0
199,3743.870142199729,1.0,1.0,1.0,1.0
200,3747.9771008228527,1.0,1.0,1.0,1.0
201,3752.0885647061764,1.0,1.0,1.0,1.0
202,3756.204538791883,1.0,1.0,1.0,1.0
203,3760.3250280275906,1.0,1.0,1.0,1.0
204,3764.450037366331,1.0,1.0,1.0,1.0
205,3768.579571766584,1.0,1.0,1.0,1.0
206,3772.7136361922535,1.0,1.0,1.0,1.0
207,3776.852235612704,1.0,1.0,1.0,1.0
208,3780.9953750027366,1.0,1.0,1.0,1.0
209,3785.1430593426235,1.0,1.0,1.0,1.0
210,3789.2952936180864,1.0,1.0,1.0,1.0
211,3793.452082820331,1.0,1.0,1.0,1.0
212,3797.6134319460225,1.0,1.0,1.0,1.0
213,3801.779345997323,1.0,1.0,1.0,1.0
214,3805.9498299818674,1.0,1.0,1.0,1.0
215,3810.124888912798,1.0,1.0,1.0,1.0
216,3814.304527808741,1.0,1.0,1.0,1.0
217,3818.4887516938447,1.0,1.0,1.0,1.0
218,3822.6775655977517,1.0,1.0,1.0,1.0
219,3826.8709745556394,1.0,1.0,1.0,1.0
220,3831.068983608191,1.0,1.0,0.5206569969969191,1.0
221,3835.2715978016367,1.0,1.0,0.021663482468891604,1.0
222,3839.4788221877257,1.0,1.0,0.0,1.0
223,3843.6906618237645,1.0,1.0,0.0,1.0
224,3847.9071217725923,1.0,1.0,0.0,1.0
225,3852.128207102617,1.0,1.0,0.0,1.0
226,3856.3539228877917,1.0,1.0,0.0,1.0
227,3860.5842742076507,1.0,1.0,0.0,1.0
228,3864.819266147285,1.0,1.0,0.0,1.0
229,3869.058903797379,1.0,1.0,0.0,1.0
230,3873.30319225419,1.0,1.0,0.0,1.0
231,3877.5521366195667,1.0,1.0,0.0,1.0
232,3881.805742000961,1.0,1.0,0.0,1.0
233,3886.0640135114277,1.0,1.0,0.0,1.0
234,3890.326956269623,1.0,1.0,0.0,1.0
235,3894.5945753998194,1.0,1.0,0.0,1.0
236,3898.8668760319206,1.0,1.0,0.0,1.0
237,3903.1438633014423,1.0,1.0,0.0,1.0
238,3907.42554234955,1.0,1.0,0.0,1.0
239,3911.7119183230334,1.0,1.0,0.0,1.0
240,3916.002996374343,1.0,1.0,0.0,1.0
241,3920.298781661567,1.0,1.0,0.0,1.0
242,3924.599279348466,1.0,1.0,0.0,1.0
243,3928.904494604451,1.0,1.0,0.0,1.0
244,3933.2144326046187,1.0,1.0,0.0,1.0
245,3937.529098529727,1.0,1.0,0.0,1.0
246,3941.848497566233,1.0,1.0,0.0,1.0
247,3946.172634906268,1.0,1.0,0.0,1.0
248,3950.5015157476732,1.0,1.0,0.0,1.0
249,3954.8351452939773,1.0,1.0,0.0,1.0
250,3959.173528754433,1.0,1.0,0.0,1.0
251,3963.5166713439908,1.0,1.0,0.0,1.0
252,3967.8645782833382,1.0,1.0,0.0,1.0
253,3972.2172547988735,1.0,1.0,0.0,1.0
254,3976.5747061227453,1.0,1.0,0.0,1.0
255,3980.9369374928247,1.0,1.0,0.0,1.0
256,3985.303954152744,1.0,1.0,0.0,1.0
257,3989.6757613518744,1.0,1.0,0.0,1.0
258,3994.0523643453585,1.0,1.0,0.0,1.0
259,3998.433768394089,1.0,1.0,0.0,1.0
260,4002.819978764746,1.0,1.0,0.0,1.0
261,4007.2110007297706,1.0,1.0,0.0,1.0
262,4011.606839567404,1.0,1.0,0.0,1.0
263,4016.007500561662,1.0,1.0,0.0,1.0
264,4020.4129890023705,1.0,1.0,0.0,1.0
265,4024.8233101851456,1.0,1.0,0.0,1.0
266,4029.238469411426,1.0,1.0,0.0,1.0
267,4033.6584719884513,1.0,1.0,0.0,1.0
268,4038.083323229299,1.0,1.0,0.0,1.0
269,4042.5130284528577,1.0,1.0,0.0,1.0
270,4046.9475929838686,1.0,1.0,0.0,1.0
271,4051.3870221528964,1.0,1.0,0.0,1.0
272,4055.831321296371,1.0,1.0,0.0,1.0
273,4060.280495756558,1.0,1.0,0.0,1.0
274,4064.7345508816024,1.0,1.0,0.0,1.0
275,4069.1934920254967,1.0,1.0,0.0,1.0
276,4073.657324548125,1.0,1.0,0.0,1.0
277,4078.126053815234,1.0,1.0,0.0,1.0
278,4082.5996851984733,1.0,1.0,0.0,1.0
279,4087.0782240753683,1.0,1.0,0.0,1.0
280,4091.56167582936,1.0,1.0,0.0,1.0
281,4096.050045849779,1.0,1.0,0.0,1.0
282,4100.543339531882,1.0,1.0,0.0,1.0
283,4105.041562276833,1.0,1.0,0.0,1.0
284,4109.5447194917315,1.0,1.0,0.0,1.0
285,4114.052816589595,1.0,1.0,0.0,1.0
286,4118.565858989396,1.0,1.0,0.0,1.0
287,4123.083852116032,1.0,1.0,0.0,1.0
288,4127.606801400372,1.0,1.0,0.0,1.0
289,4132.134712279225,1.0,1.0,0.0,1.0
290,4136.667590195377,1.0,1.0,0.0,1.0
291,4141.205440597572,1.0,1.0,0.0,1.0
292,4145.748268940548,1.0,1.0,0.0,1.0
293,4150.296080685007,1.0,1.0,0.0,1.0
294,4154.84888129766,1.0,1.0,0.0,1.0
295,4159.406676251198,1.0,1.0,0.0,1.0
296,4163.969471024333,1.0,1.0,0.0,1.0
297,4168.537271101769,1.0,1.0,0.0,1.0
298,4173.110081974242,1.0,1.0,0.0,1.0
299,4177.687909138498,1.0,1.0,0.0,1.0
300,4182.270758097327,1.0,1.0,0.0,1.0
301,4186.85863435954,1.0,1.0,0.0,1.0
302,4191.451543440007,1.0,1.0,0.0,1.0
303,4196.049490859631,1.0,1.0,0.0,1.0
304,4200.6524821453895,1.0,1.0,0.0,1.0
305,4205.260522830308,1.0,1.0,0.0,1.0
306,4209.873618453484,1.0,1.0,0.0,1.0
307,4214.491774560098,1.0,1.0,0.0,1.0
308,4219.1149967014135,1.0,1.0,0.0,1.0
309,4223.743290434777,1.0,1.0,0.0,1.0
310,4228.376661323629,1.0,1.0,0.0,1.0
311,4233.015114937523,1.0,1.0,0.0,1.0
312,4237.6586568521225,1.0,1.0,0.0,1.0
313,4242.307292649198,1.0,1.0,0.0,1.0
314,4246.961027916642,1.0,1.0,0.0,1.0
315,4251.619868248492,1.0,1.0,0.0,1.0
316,4256.2838192449035,1.0,1.0,0.3586413935545836,1.0
317,4260.952886512192,1.0,1.0,0.8575025005743588,1.0
318,4265.627075662808,1.0,1.0,1.0,1.0
319,4270.306392315374,1.0,1.0,1.0,1.0
320,4274.9908420946595,1.0,1.0,1.0,1.0
321,4279.680430631621,1.0,1.0,1.0,1.0
322,4284.375163563374,1.0,1.0,1.0,1.0
323,4289.075046533239,1.0,1.0,1.0,1.0
324,4293.780085190706,1.0,1.0,1.0,1.0
325,4298.490285191479,1.0,1.0,1.0,1.0
326,4303.205652197454,1.0,1.0,1.0,1.0
327,4307.92619187675,1.0,1.0,1.0,1.0
328,4312.651909903688,1.0,1.0,1.0,1.0
329,4317.382811958832,1.0,1.0,1.0,1.0
330,4322.11890372896,1.0,1.0,1.0,1.0
331,4326.860190907105,1.0,1.0,1.0,1.0
332,4331.606679192528,1.0,1.0,1.0,1.0
333,4336.3583742907595,1.0,1.0,1.0,1.0
334,4341.115281913571,1.0,1.0,1.0,1.0
335,4345.8774077790185,1.0,1.0,1.0,1.0
336,4350.6447576114115,1.0,1.0,1.0,1.0
337,4355.417337141357,1.0,1.0,1.0,1.0
338,4360.195152105731,1.0,1.0,1.0,1.0
339,4364.97820824772,1.0,1.0,1.0,1.0
340,4369.766511316795,1.0,1.0,1.0,1.0
341,4374.560067068747,1.0,1.0,1.0,1.0
342,4379.35888126567,1.0,1.0,1.0,1.0
343,4384.162959675989,1.0,1.0,1.0,1.0
344,4388.972308074447,1.0,1.0,1.0,1.0
345,4393.786932242133,1.0,1.0,1.0,1.0
346,4398.606837966464,1.0,1.0,1.0,1.0
347,4403.432031041222,1.0,1.0,1.0,1.0
348,4408.262517266526,1.0,1.0,1.0,1.0
349,4413.098302448878,1.0,1.0,1.0,1.0
350,4417.939392401128,1.0,1.0,1.0,1.0
351,4422.785792942525,1.0,1.0,1.0,1.0
352,4427.63750989868,1.0,1.0,1.0,1.0
353,4432.494549101615,1.0,1.0,1.0,1.0
354,4437.35691638973,1.0,1.0,0.6891274783474001,1.0
355,4442.224617607848,1.0,1.0,0.19031877292619515,1.0
356,4447.097658607186,1.0,1.0,0.0,1.0
357,4451.9760452453975,1.0,1.0,0.0,1.0
358,4456.859783386544,1.0,1.0,0.0,1.0
359,4461.748878901138,1.0,1.0,0.0,1.0
360,4466.643337666112,1.0,1.0,0.0,1.0
361,4471.543165564866,1.0,1.0,0.0,1.0
362,4476.448368487235,1.0,1.0,0.0,1.0
363,4481.358952329531,1.0,1.0,0.0,1.0
364,4486.27492299452,1.0,1.0,0.0,1.0
365,4491.196286391459,1.0,1.0,0.0,1.0
366,4496.1230484360685,1.0,1.0,0.0,1.0
367,4501.055215050578,1.0,1.0,0.0,1.0
368,4505.992792163695,1.0,1.0,0.0,1.0
369,4510.935785710649,1.0,1.0,0.0,1.0
370,4515.884201633162,1.0,1.0,0.0,1.0
371,4520.838045879492,1.0,1.0,0.0,1.0
372,4525.797324404403,1.0,1.0,0.0,1.0
373,4530.762043169213,1.0,1.0,0.0,1.0
374,4535.732208141758,1.0,1.0,0.0,1.0
375,4540.7078252964375,1.0,1.0,0.0,1.0
376,4545.688900614192,1.0,1.0,0.0,1.0
377,4550.675440082536,1.0,1.0,0.0,1.0
378,4555.667449695535,1.0,1.0,0.0,1.0
379,4560.664935453851,1.0,1.0,0.0,1.0
380,4565.667903364708,1.0,1.0,0.0,1.0
381,4570.676359441938,1.0,1.0,0.0,1.0
382,4575.690309705952,1.0,1.0,0.0,1.0
383,4580.709760183785,1.0,1.0,0.0,1.0
384,4585.734716909067,1.0,1.0,0.0,1.0
385,4590.7651859220505,1.0,1.0,0.0,1.0
386,4595.801173269619,1.0,1.0,0.0,1.0
387,4600.842685005293,1.0,1.0,0.0,1.0
388,4605.889727189222,1.0,1.0,0.0,1.0
389,4610.942305888205,1.0,1.0,0.0,1.0
390,4616.000427175704,1.0,1.0,0.0,1.0
391,4621.064097131845,1.0,1.0,0.0,1.0
392,4626.133321843413,1.0,1.0,0.0,1.0
393,4631.208107403871,1.0,1.0,0.0,1.0
394,4636.2884599133795,1.0,1.0,0.0,1.0
395,4641.3743854787745,1.0,1.0,0.0,1.0
396,4646.465890213606,1.0,1.0,0.0,1.0
397,4651.5629802381145,1.0,1.0,0.0,1.0
398,4656.6656616792725,1.0,1.0,0.0,1.0
399,4661.773940670755,1.0,1.0,0.0,1.0
400,4666.887823352984,1.0,1.0,0.0,1.0
401,4672.007315873098,1.0,1.0,0.0,1.0
402,4677.1324243849995,1.0,1.0,0.0,1.0
403,4682.26315504932,1.0,1.0,0.0,1.0
404,4687.399514033471,1.0,1.0,0.0,1.0
405,4692.541507511609,1.0,1.0,0.0,1.0
406,4697.689141664682,1.0,1.0,0.0,1.0
407,4702.842422680401,1.0,1.0,0.0,1.0
408,4708.0013567532815,1.0,1.0,0.0,1.0
409,4713.165950084619,1.0,1.0,0.0,1.0
410,4718.336208882526,1.0,1.0,0.0,1.0
411,4723.51213936191,1.0,1.0,0.0,1.0
412,4728.693747744513,1.0,1.0,0.0,1.0
413,4733.881040258884,1.0,1.0,0.0,1.0
414,4739.074023140423,1.0,1.0,0.0,1.0
415,4744.272702631353,1.0,1.0,0.0,1.0
416,4749.477084980762,1.0,1.0,0.0,1.0
417,4754.687176444572,1.0,1.0,0.0,1.0
418,4759.902983285591,1.0,1.0,0.0,1.0
419,4765.124511773476,1.0,1.0,0.0,1.0
420,4770.35176818478,1.0,1.0,0.0,1.0
421,4775.584758802924,1.0,1.0,0.0,1.0
422,4780.823489918239,1.0,1.0,0.0,1.0
423,4786.067967827939,1.0,1.0,0.0,1.0
424,4791.318198836164,1.0,1.0,0.0,1.0
425,4796.574189253951,1.0,1.0,0.0,1.0
426,4801.835945399278,1.0,1.0,0.0,1.0
427,4807.103473597037,1.0,1.0,0.0,1.0
428,4812.376780179075,1.0,1.0,0.0,1.0
429,4817.655871484165,1.0,1.0,0.0,1.0
430,4822.940753858057,1.0,1.0,0.0,1.0
431,4828.23143365344,1.0,1.0,0.0,1.0
432,4833.52791722999,1.0,1.0,0.0,1.0
433,4838.830210954343,1.0,1.0,0.0,1.0
434,4844.138321200136,1.0,1.0,0.0,1.0
435,4849.452254347979,1.0,1.0,0.0,1.0
436,4854.772016785502,1.0,1.0,0.0,1.0
437,4860.097614907322,1.0,1.0,0.0,1.0
438,4865.42905511509,1.0,1.0,0.0,1.0
439,4870.7663438174595,1.0,1.0,0.0,1.0
440,4876.109487430135,1.0,1.0,0.0,1.0
441,4881.458492375838,1.0,1.0,0.0,1.0
442,4886.8133650843565,1.0,1.0,0.0,1.0
443,4892.174111992511,1.0,1.0,0.0,1.0
444,4897.5407395442035,1.0,1.0,0.0,1.0
445,4902.9132541903855,1.0,1.0,0.0,1.0
446,4908.291662389103,1.0,1.0,0.0,1.0
447,4913.67597060547,1.0,1.0,0.0,1.0
448,4919.066185311708,1.0,1.0,0.0,1.0
449,4924.4623129871225,1.0,1.0,0.0,1.0
450,4929.864360118145,1.0,1.0,0.0,1.0
451,4935.272333198301,1.0,1.0,0.0,1.0
452,4940.686238728262,1.0,1.0,0.0,1.0
453,4946.106083215809,1.0,1.0,0.0,1.0
454,4951.5318731758825,1.0,1.0,0.0,1.0
455,4956.963615130549,1.0,1.0,0.0,1.0
456,4962.401315609051,1.0,1.0,0.0,1.0
457,4967.844981147773,1.0,1.0,0.0,1.0
458,4973.294618290289,1.0,1.0,0.0,1.0
459,4978.750233587335,1.0,1.0,0.0,1.0
460,4984.211833596836,1.0,1.0,0.0,1.0
461,4989.679424883921,1.0,1.0,0.0,1.0
462,4995.153014020917,1.0,1.0,0.0,1.0
463,5000.632607587354,1.0,1.0,0.0,1.0
464,5006.118212169979,1.0,1.0,0.0,1.0
465,5011.609834362775,1.0,1.0,0.0,1.0
466,5017.107480766956,1.0,1.0,0.0,1.0
467,5022.61115799097,1.0,1.0,0.0,1.0
468,5028.120872650515,1.0,1.0,0.0,1.0
469,5033.636631368558,1.0,1.0,0.0,1.0
470,5039.1584407753135,1.0,1.0,0.0,1.0
471,5044.686307508289,1.0,1.0,0.0,1.0
472,5050.220238212254,1.0,1.0,0.0,1.0
473,5055.760239539285,1.0,1.0,0.0,1.0
474,5061.306318148738,1.0,1.0,0.0,1.0
475,5066.858480707292,1.0,1.0,0.0,1.0
476,5072.416733888921,1.0,1.0,0.0,1.0
477,5077.98108437494,1.0,1.0,0.0,1.0
478,5083.5515388539725,1.0,1.0,0.0,1.0
479,5089.128104022,1.0,1.0,0.0,1.0
480,5094.710786582329,1.0,1.0,0.0,1.0
481,5100.299593245639,1.0,1.0,0.0,1.0
482,5105.894530729952,1.0,1.0,0.0,1.0
483,5111.49560576068,1.0,1.0,0.0,1.0
484,5117.1028250705895,1.0,1.0,0.0,1.0
485,5122.716195399857,1.0,1.0,0.0,1.0
486,5128.3357234960295,1.0,1.0,0.0,1.0
487,5133.961416114078,1.0,1.0,0.0,1.0
488,5139.593280016362,1.0,1.0,0.0,1.0
489,5145.23132197268,1.0,1.0,0.0,1.0
490,5150.875548760238,1.0,1.0,0.0,1.0
491,5156.525967163695,1.0,1.0,0.0,1.0
492,5162.182583975132,1.0,1.0,0.13743828744893302,1.0
493,5167.845405994102,1.0,1.0,0.6360567386154219,1.0
494,5173.514440027598,1.0,1.0,1.0,1.0
495,5179.189692890098,1.0,1.0,1.0,1.0
496,5184.871171403535,1.0,1.0,1.0,1.0
497,5190.5588823973485,1.0,1.0,1.0,1.0
498,5196.252832708448,1.0,1.0,1.0,1.0
499,5201.9530291812625,1.0,1.0,1.0,1.0
500,5207.65947866771,1.0,1.0,1.0,1.0
501,5213.372188027244,1.0,1.0,1.0,1.0
502,5219.091164126824,1.0,1.0,1.0,1.0
503,5224.816413840962,1.0,1.0,1.0,1.0
504,5230.54794405169,1.0,1.0,1.0,1.0
505,5236.285761648613,1.0,1.0,1.0,1.0
506,5242.029873528868,1.0,1.0,1.0,1.0
507,5247.7802865971835,1.0,1.0,1.0,1.0
508,5253.537007765839,1.0,1.0,1.0,1.0
509,5259.300043954719,1.0,1.0,1.0,1.0
510,5265.069402091276,1.0,1.0,1.0,1.0
511,5270.845089110585,1.0,1.0,1.0,1.0
512,5276.627111955308,1.0,1.0,1.0,1.0
513,5282.41547757574,1.0,1.0,1.0,1.0
514,5288.210192929784,1.0,1.0,1.0,1.0
515,5294.011264982994,1.0,1.0,1.0,1.0
516,5299.818700708545,1.0,1.0,1.0,1.0
517,5305.632507087284,1.0,1.0,1.0,1.0
518,5311.45269110769,1.0,1.0,0.8952303212592543,1.0
519,5317.2792597659345,1.0,1.0,0.39664770697256846,1.0
520,5323.11222006584,1.0,1.0,0.0,1.0
521,5328.951579018933,1.0,1.0,0.0,1.0
522,5334.797343644414,1.0,1.0,0.0,1.0
523,5340.6495209691975,1.0,1.0,0.0,1.0
524,5346.508118027892,1.0,1.0,0.0,1.0
525,5352.373141862841,1.0,1.0,0.0,1.0
526,5358.244599524092,1.0,1.0,0.09471827151891324,1.0
527,5364.12249806945,1.0,1.0,0.5932898595916085,1.0
528,5370.006844564436,1.0,1.0,1.0,1.0
529,5375.897646082349,1.0,1.0,1.0,1.0
530,5381.794909704221,1.0,1.0,1.0,1.0
531,5387.698642518876,1.0,1.0,1.0,1.0
532,5393.608851622893,1.0,1.0,1.0,1.0
533,5399.525544120655,1.0,1.0,1.0,1.0
534,5405.448727124324,1.0,1.0,1.0,1.0
535,5411.378407753865,1.0,1.0,1.0,1.0
536,5417.314593137061,1.0,1.0,1.0,1.0
537,5423.257290409517,1.0,1.0,1.0,1.0
538,5429.206506714652,1.0,1.0,1.0,1.0
539,5435.162249203725,1.0,1.0,1.0,1.0
540,5441.124525035848,1.0,1.0,1.0,1.0
541,5447.093341377987,1.0,1.0,1.0,1.0
542,5453.068705404958,1.0,1.0,1.0,1.0
543,5459.05062429945,1.0,1.0,1.0,1.0
544,5465.039105252041,1.0,1.0,1.0,1.0
545,5471.034155461195,1.0,1.0,1.0,1.0
546,5477.035782133266,1.0,1.0,1.0,1.0
547,5483.0439924825105,1.0,1.0,1.0,1.0
548,5489.058793731108,1.0,1.0,1.0,1.0
549,5495.0801931091655,1.0,1.0,1.0,1.0
550,5501.108197854705,1.0,1.0,0.9354346164381323,1.0
551,5507.142815213694,1.0,1.0,0.43689610554497504,1.0
552,5513.1840524400595,1.0,1.0,0.0,1.0
553,5519.2319167956675,1.0,1.0,0.0,1.0
554,5525.286415550373,1.0,1.0,0.0,1.0
555,5531.34755598198,1.0,1.0,0.0,1.0
556,5537.415345376301,1.0,1.0,0.0,1.0
557,5543.489791027118,1.0,1.0,0.0,1.0
558,5549.570900236237,1.0,1.0,0.0,1.0
559,5555.658680313451,1.0,1.0,0.0,1.0
560,5561.753138576596,1.0,1.0,0.0,1.0
561,5567.854282351508,1.0,1.0,0.0,1.0
562,5573.962118972087,1.0,1.0,0.0,1.0
563,5580.076655780254,1.0,1.0,0.0,1.0
564,5586.197900126006,1.0,1.0,0.0,1.0
565,5592.32585936738,1.0,1.0,0.0,1.0
566,5598.460540870508,1.0,1.0,0.0,1.0
567,5604.601952009581,1.0,1.0,0.0,1.0
568,5610.750100166899,1.0,1.0,0.0,1.0
569,5616.90499273284,1.0,1.0,0.0,1.0
570,5623.06663710591,1.0,1.0,0.0,1.0
571,5629.235040692711,1.0,1.0,0.0,1.0
572,5635.4102109079895,1.0,1.0,0.0,1.0
573,5641.592155174606,1.0,1.0,0.0,1.0
574,5647.780880923584,1.0,1.0,0.0,1.0
575,5653.976395594078,1.0,1.0,0.0,1.0
576,5660.178706633425,1.0,1.0,0.0,1.0
577,5666.387821497106,1.0,1.0,0.0,1.0
578,5672.60374764881,1.0,1.0,0.0,1.0
579,5678.826492560385,1.0,1.0,0.0,1.0
580,5685.0560637119,1.0,1.0,0.0,1.0
581,5691.292468591607,1.0,1.0,0.0,1.0
582,5697.535714695995,1.0,1.0,0.0,1.0
583,5703.785809529753,1.0,1.0,0.0,1.0
584,5710.042760605828,1.0,1.0,0.02185221665548965,1.0
585,5716.306575445382,1.0,1.0,0.5203438719679478,1.0
586,5722.577261577853,1.0,1.0,1.0,1.0
587,5728.854826540916,1.0,1.0,1.0,1.0
588,5735.139277880536,1.0,1.0,1.0,1.0
589,5741.430623150932,1.0,1.0,1.0,1.0
590,5747.728869914636,1.0,1.0,1.0,1.0
591,5754.0340257424505,1.0,1.0,1.0,1.0
592,5760.3460982135075,1.0,1.0,1.0,1.0
593,5766.66509491523,1.0,1.0,1.0,1.0
594,5772.991023443385,1.0,1.0,1.0,1.0
595,5779.323891402052,1.0,1.0,1.0,1.0
596,5785.663706403673,1.0,1.0,1.0,1.0
597,5792.010476069019,1.0,1.0,1.0,1.0
598,5798.364208027244,1.0,1.0,1.0,1.0
599,5804.724909915845,1.0,1.0,1.0,1.0
600,5811.092589380725,1.0,1.0,1.0,1.0
601,5817.467254076148,1.0,1.0,1.0,1.0
602,5823.848911664798,1.0,1.0,1.0,1.0
603,5830.237569817742,1.0,1.0,0.502292159967803,1.0
604,5836.633236214488,1.0,1.0,0.0032784995420385155,1.0
605,5843.03591854294,1.0,1.0,0.0,1.0
606,5849.445624499462,1.0,1.0,0.0,1.0
607,5855.862361788837,1.0,1.0,0.0,1.0
608,5862.286138124323,1.0,1.0,0.0,1.0
609,5868.716961227623,1.0,1.0,0.0,1.0
610,5875.1548388289075,1.0,1.0,0.0,1.0
611,5881.599778666841,1.0,1.0,0.0,1.0
612,5888.0517884885785,1.0,1.0,0.0,1.0
613,5894.510876049758,1.0,1.0,0.0,1.0
614,5900.977049114528,1.0,1.0,0.0,1.0
615,5907.450315455565,1.0,1.0,0.0,1.0
616,5913.930682854073,1.0,1.0,0.0,1.0
617,5920.418159099778,1.0,1.0,0.0,1.0
618,5926.9127519909525,1.0,1.0,0.0,1.0
619,5933.414469334437,1.0,1.0,0.0,1.0
620,5939.923318945632,1.0,1.0,0.0,1.0
621,5946.439308648502,1.0,1.0,0.0,1.0
622,5952.962446275596,1.0,1.0,0.0,1.0
623,5959.492739668064,1.0,1.0,0.0,1.0
624,5966.030196675658,1.0,1.0,0.0,1.0
625,5972.57482515673,1.0,1.0,0.0,1.0
626,5979.126632978252,1.0,1.0,0.0,1.0
627,5985.685628015839,1.0,1.0,0.0,1.0
628,5992.251818153744,1.0,1.0,0.0,1.0
629,5998.825211284859,1.0,1.0,0.0,1.0
630,6005.40581531073,1.0,1.0,0.0,1.0
631,6011.993638141593,1.0,1.0,0.4624984735354099,1.0
632,6018.588687696336,1.0,1.0,0.9614735099150203,1.0
633,6025.190971902558,1.0,1.0,1.0,1.0
634,6031.80049869653,1.0,1.0,1.0,1.0
635,6038.417276023254,1.0,1.0,1.0,1.0
636,6045.041311836422,1.0,1.0,1.0,1.0
637,6051.672614098477,1.0,1.0,1.0,1.0
638,6058.3111907805705,1.0,1.0,1.0,1.0
639,6064.9570498626235,1.0,1.0,1.0,1.0
640,6071.610199333287,1.0,1.0,1.0,1.0
641,6078.270647189998,1.0,1.0,1.0,1.0
642,6084.938401438945,1.0,1.0,1.0,1.0
643,6091.613470095121,1.0,1.0,1.0,1.0
644,6098.295861182287,1.0,1.0,1.0,1.0
645,6104.985582733032,1.0,1.0,1.0,1.0
646,6111.682642788732,1.0,1.0,1.0,1.0
647,6118.387049399606,1.0,1.0,1.0,1.0
648,6125.098810624683,1.0,1.0,1.0,1.0
649,6131.817934531855,1.0,1.0,1.0,1.0
650,6138.544429197841,1.0,1.0,1.0,1.0
651,6145.278302708243,1.0,1.0,1.0,1.0
652,6152.019563157511,1.0,1.0,1.0,1.0
653,6158.768218648995,1.0,1.0,1.0,1.0
654,6165.524277294911,1.0,1.0,1.0,1.0
655,6172.287747216403,1.0,1.0,1.0,1.0
656,6179.058636543493,1.0,1.0,1.0,1.0
657,6185.83695341515,1.0,1.0,1.0,1.0
658,6192.622705979243,1.0,1.0,1.0,1.0
659,6199.415902392609,1.0,1.0,1.0,1.0
660,6206.216550821002,1.0,1.0,1.0,1.0
661,6213.024659439165,1.0,1.0,1.0,1.0
662,6219.840236430778,1.0,1.0,1.0,1.0
663,6226.663289988526,1.0,1.0,0.5777374654544193,1.0
664,6233.493828314056,1.0,1.0,0.07880656718049739,1.0
665,6240.331859618039,1.0,1.0,0.0,1.0
666,6247.177392120124,1.0,1.0,0.0,1.0
667,6254.030434049003,1.0,1.0,0.0,1.0
668,6260.8909936423715,1.0,1.0,0.0,1.0
669,6267.759079146986,1.0,1.0,0.0,1.0
670,6274.634698818623,1.0,1.0,0.0,1.0
671,6281.517860922143,1.0,1.0,0.0,1.0
672,6288.408573731445,1.0,1.0,0.0,1.0
673,6295.3068455295315,1.0,1.0,0.0,1.0
674,6302.212684608466,1.0,1.0,0.0,1.0
675,6309.1260992694315,1.0,1.0,0.0,1.0
676,6316.047097822695,1.0,1.0,0.0,1.0
677,6322.975688587662,1.0,1.0,0.0,1.0
678,6329.911879892841,1.0,1.0,0.0,1.0
679,6336.8556800759025,1.0,1.0,0.0,1.0
680,6343.807097483635,1.0,1.0,0.0,1.0
681,6350.766140472012,1.0,1.0,0.0,1.0
682,6357.732817406145,1.0,1.0,0.0,1.0
683,6364.7071366603495,1.0,1.0,0.0,1.0
684,6371.689106618102,1.0,1.0,0.0,1.0
685,6378.6787356721,1.0,1.0,0.0,1.0
686,6385.676032224221,1.0,1.0,0.0,1.0
687,6392.681004685587,1.0,1.0,0.0,1.0
688,6399.693661476528,1.0,1.0,0.0,1.0
689,6406.714011026608,1.0,1.0,0.0,1.0
690,6413.742061774654,1.0,1.0,0.0,1.0
691,6420.777822168749,1.0,1.0,0.0,1.0
692,6427.821300666228,1.0,1.0,0.0,1.0
693,6434.872505733709,1.0,1.0,0.0,1.0
694,6441.931445847106,1.0,1.0,0.0,1.0
695,6448.998129491634,1.0,1.0,0.0,1.0
696,6456.0725651618,1.0,1.0,0.0,1.0
697,6463.154761361432,1.0,1.0,0.0,1.0
698,6470.244726603699,1.0,1.0,0.0,1.0
699,6477.342469411108,1.0,1.0,0.0,1.0
700,6484.4479983155015,1.0,1.0,0.0,1.0
701,6491.561321858084,1.0,0.6255130202773629,0.0,1.0
702,6498.6824485894385,1.0,0.12663453093325905,0.0,1.0
703,6505.811387069532,1.0,0.0,0.0,1.0
704,6512.948145867706,1.0,0.0,0.0,1.0
705,6520.092733562704,1.0,0.0,0.0,1.0
706,6527.245158742698,1.0,0.0,0.0,1.0
707,6534.405430005256,1.0,0.0,0.0,1.0
708,6541.573555957403,1.0,0.0,0.0,1.0
709,6548.749545215581,1.0,0.0,0.0,1.0
710,6555.9334064057075,1.0,0.0,0.0,1.0
711,6563.12514816314,1.0,0.0,0.0,1.0
712,6570.324779132732,1.0,0.0,0.0,1.0
713,6577.532307968796,1.0,0.0,0.0,1.0
714,6584.747743335163,1.0,0.0,0.0,1.0
715,6591.971093905141,1.0,0.0,0.0,1.0
716,6599.202368361583,1.0,0.0,0.0,1.0
717,6606.441575396834,1.0,0.0,0.0,1.0
718,6613.688723712807,1.0,0.0,0.0,1.0
719,6620.94382202093,1.0,0.0,0.0,1.0
720,6628.206879042217,1.0,0.0,0.0,1.0
721,6635.477903507221,1.0,0.0,0.0,1.0
722,6642.756904156097,1.0,0.0,0.0,1.0
723,6650.043889738565,1.0,0.0,0.0,1.0
724,6657.3388690139645,1.0,0.0,0.0,1.0
725,6664.6418507512235,1.0,0.0,0.0,1.0
726,6671.952843728912,1.0,0.0,0.0,1.0
727,6679.271856735204,1.0,0.0,0.0,1.0
728,6686.5988985679405,1.0,0.0,0.0,1.0
729,6693.933978034587,1.0,0.0,0.0,1.0
730,6701.2771039522995,1.0,0.0,0.0,1.0
731,6708.628285147875,1.0,0.0,0.0,1.0
732,6715.987530457825,1.0,0.0,0.0,1.0
733,6723.354848728325,1.0,0.0,0.0,1.0
734,6730.730248815281,1.0,0.0,0.0,1.0
735,6738.113739584287,1.0,0.0,0.0,1.0
736,6745.505329910692,1.0,0.0,0.0,1.0
737,6752.905028679551,1.0,0.0,0.0,1.0
738,6760.312844785694,1.0,0.0,0.0,1.0
739,6767.728787133682,1.0,0.0,0.0,1.0
740,6775.15286463787,1.0,0.0,0.0,1.0
741,6782.585086222366,1.0,0.0,0.0,1.0
742,6790.0254608210935,1.0,0.0,0.0,1.0
743,6797.47399737775,1.0,0.0,0.0,1.0
744,6804.93070484587,1.0,0.0,0.0,1.0
745,6812.3955921887855,1.0,0.0,0.0,1.0
746,6819.868668379686,1.0,0.0,0.0,1.0
747,6827.349942401577,1.0,0.0,0.0,1.0
748,6834.839423247347,1.0,0.0,0.0,1.0
749,6842.337119919721,1.0,0.0,0.0,1.0
750,6849.843041431328,1.0,0.0,0.0,1.0
751,6857.357196804655,1.0,0.0,0.0,1.0
752,6864.879595072116,1.0,0.0,0.0,1.0
753,6872.410245276004,1.0,0.0,0.0,1.0
754,6879.94915646856,1.0,0.0,0.0,1.0
755,6887.4963377119275,1.0,0.0,0.0,1.0
756,6895.051798078217,1.0,0.0,0.0,1.0
757,6902.615546649465,1.0,0.0,0.0,1.0
758,6910.187592517698,1.0,0.0,0.0,1.0
759,6917.767944784889,1.0,0.0,0.0,1.0
760,6925.356612563023,1.0,0.0,0.0,1.0
761,6932.953604974053,1.0,0.0,0.0,1.0
762,6940.558931149966,1.0,0.0,0.0,1.0
763,6948.17260023274,1.0,0.0,0.0,1.0
764,6955.794621374406,1.0,0.0,0.0,1.0
765,6963.425003737013,1.0,0.0,0.0,1.0
766,6971.063756492684,1.0,0.0,0.0,1.0
767,6978.710888823582,1.0,0.0,0.0,1.0
768,6986.366409921944,1.0,0.0,0.0,1.0
769,6994.030328990107,1.0,0.0,0.0,1.0
770,7001.7026552405,1.0,0.0,0.0,1.0
771,7009.3833978956445,1.0,0.0,0.0,1.0
772,7017.072566188178,1.0,0.0,0.0,1.0
773,7024.770169360883,1.0,0.0,0.0,1.0
774,7032.476216666678,1.0,0.0,0.0,1.0
775,7040.1907173686195,1.0,0.0,0.0,1.0
776,7047.913680739925,1.0,0.0,0.0,1.0
777,7055.645116063998,1.0,0.0,0.0,1.0
778,7063.385032634427,1.0,0.0,0.0,1.0
779,7071.133439754981,1.0,0.0,0.0,1.0
780,7078.890346739633,1.0,0.0,0.0,1.0
781,7086.65576291259,1.0,0.0,0.0,1.0
782,7094.429697608287,1.0,0.0,0.0,1.0
783,7102.212160171383,1.0,0.0,0.0,1.0
784,7110.00315995679,1.0,0.0,0.0,1.0
785,7117.802706329702,1.0,0.0,0.0,1.0
786,7125.610808665559,1.0,0.0,0.0,1.0
787,7133.427476350113,1.0,0.0,0.0,1.0
788,7141.252718779384,1.0,0.0,0.0,1.0
789,7149.086545359729,1.0,0.0,0.0,1.0
790,7156.928965507793,1.0,0.0,0.0,1.0
791,7164.779988650581,1.0,0.0,0.0,1.0
792,7172.6396242254095,1.0,0.0,0.0,1.0
793,7180.507881679978,1.0,0.0,0.0,1.0
794,7188.384770472318,1.0,0.0,0.0,1.0
795,7196.270300070871,1.0,0.0,0.0,1.0
796,7204.164479954428,1.0,0.0,0.0,1.0
797,7212.067319612214,1.0,0.0,0.0,1.0
798,7219.978828543832,1.0,0.0,0.0,1.0
799,7227.899016259334,1.0,0.0,0.0,1.0
800,7235.827892279177,1.0,0.0,0.0,1.0
801,7243.765466134289,1.0,0.0,0.0,1.0
802,7251.711747366027,1.0,0.0,0.0,1.0
803,7259.666745526241,1.0,0.0,0.0,1.0
804,7267.630470177232,1.0,0.0,0.0,1.0
805,7275.602930891818,1.0,0.0,0.0,1.0
806,7283.58413725329,1.0,0.0,0.0,1.0
807,7291.574098855482,1.0,0.0,0.0,1.0
808,7299.57282530272,1.0,0.0,0.0,1.0
809,7307.580326209899,1.0,0.0,0.0,1.0
810,7315.596611202429,1.0,0.0,0.0,1.0
811,7323.621689916309,1.0,0.0,0.0,1.0
812,7331.655571998081,1.0,0.0,0.0,1.0
813,7339.6982671048945,1.0,0.0,0.0,1.0
814,7347.7497849044685,1.0,0.0,0.0,1.0
815,7355.810135075151,1.0,0.0,0.0,1.0
816,7363.879327305884,1.0,0.0,0.0,1.0
817,7371.957371296261,1.0,0.0,0.0,1.0
818,7380.04427675649,1.0,0.0,0.0,1.0
819,7388.140053407461,1.0,0.0,0.0,1.0
820,7396.244710980696,1.0,0.0,0.0,1.0
821,7404.358259218423,1.0,0.0,0.0,1.0
822,7412.480707873527,1.0,0.0,0.0,1.0
823,7420.612066709621,1.0,0.0,0.0,1.0
824,7428.752345501001,1.0,0.0,0.0,1.0
825,7436.901554032713,1.0,0.0,0.0,1.0
826,7445.059702100506,1.0,0.0,0.0,1.0
827,7453.226799510908,1.0,0.0,0.0,1.0
828,7461.402856081172,1.0,0.0,0.0,1.0
829,7469.5878816393515,1.0,0.0,0.0,1.0
830,7477.781886024251,1.0,0.0,0.0,1.0
831,7485.9848790854985,1.0,0.0,0.0,1.0
832,7494.196870683494,1.0,0.0,0.0,1.0
833,7502.417870689489,1.0,0.0,0.0,1.0
834,7510.647888985531,1.0,0.0,0.0,1.0
835,7518.886935464536,1.0,0.0,0.0,1.0
836,7527.135020030245,1.0,0.0,0.0,1.0
837,7535.392152597294,1.0,0.0,0.0,1.0
838,7543.658343091161,1.0,0.0,0.0,1.0
839,7551.933601448248,1.0,0.0,0.0,1.0
840,7560.217937615822,1.0,0.0,0.0,1.0
841,7568.511361552094,1.0,0.0,0.0,1.0
842,7576.813883226177,1.0,0.0,0.0,1.0
843,7585.125512618119,1.0,0.0,0.0,1.0
844,7593.4462597189295,1.0,0.0,0.0,1.0
845,7601.776134530582,1.0,0.0,0.0,1.0
846,7610.115147066004,1.0,0.0,0.0,1.0
847,7618.463307349107,1.0,0.0,0.0,1.0
848,7626.8206254148145,1.0,0.0,0.0,1.0
849,7635.187111309057,1.0,0.0,0.0,1.0
850,7643.562775088773,1.0,0.0,0.0,1.0
851,7651.9476268219305,1.0,0.0,0.0,1.0
852,7660.341676587557,1.0,0.0,0.0,1.0
853,7668.744934475738,1.0,0.0,0.0,1.0
854,7677.157410587611,1.0,0.0,0.0,1.0
855,7685.579115035395,1.0,0.0,0.0,1.0
856,7694.010057942418,1.0,0.0,0.0,1.0
857,7702.450249443112,1.0,0.0,0.0,1.0
858,7710.899699683011,1.0,0.0,0.0,1.0
859,7719.358418818779,1.0,0.0,0.0,1.0
860,7727.826417018245,1.0,0.0,0.0,1.0
861,7736.303704460358,1.0,0.0,0.0,1.0
862,7744.79029133527,1.0,0.0,0.0,1.0
863,7753.286187844275,1.0,0.0,0.0,1.0
864,7761.791404199892,1.0,0.0,0.0,1.0
865,7770.30595062581,1.0,0.0,0.0,1.0
866,7778.829837356964,1.0,0.0,0.0,1.0
867,7787.363074639487,1.0,0.0,0.0,1.0
868,7795.905672730783,1.0,0.0,0.0,1.0
869,7804.457641899476,1.0,0.0,0.0,1.0
870,7813.018992425485,1.0,0.0,0.0,1.0
871,7821.5897345999765,1.0,0.0,0.0,1.0
872,7830.169878725436,1.0,0.0,0.0,1.0
873,7838.759435115621,1.0,0.0,0.0,1.0
874,7847.358414095634,1.0,0.0,0.0,1.0
875,7855.966826001869,1.0,0.0,0.0,1.0
876,7864.584681182096,1.0,0.0,0.0,1.0
877,7873.2119899954005,1.0,0.0,0.0,1.0
878,7881.848762812265,1.0,0.0,0.0,1.0
879,7890.495010014516,1.0,0.0,0.0,1.0
880,7899.150741995403,1.0,0.0,0.0,1.0
881,7907.81596915954,1.0,0.0,0.0,1.0
882,7916.49070192299,1.0,0.0,0.0,1.0
883,7925.174950713212,1.0,0.0,0.0,1.0
884,7933.868725969129,1.0,0.0,0.0,1.0
885,7942.57203814109,1.0,0.0,0.0,1.0
886,7951.284897690938,1.0,0.0,0.0,1.0
887,7960.007315091959,1.0,0.0,0.0,1.0
888,7968.739300828961,1.0,0.0,0.0,1.0
889,7977.480865398221,1.0,0.0,0.0,1.0
890,7986.232019307563,1.0,0.0,0.0,1.0
891,7994.992773076307,1.0,0.0,0.0,1.0
892,8003.763137235341,1.0,0.0,0.0,0.0
893,8012.543122327076,1.0,0.0,0.0,0.0
894,8021.332738905521,1.0,0.0,0.0,0.0
895,8030.131997536227,1.0,0.0,0.0,0.0
896,8038.940908796369,1.0,0.0,0.0,0.0
897,8047.759483274693,1.0,0.0,0.0,0.0
898,8056.587731571593,1.0,0.0,0.0,0.0
899,8065.4256642990595,1.0,0.0,0.0,0.0
900,8074.273292080755,1.0,0.0,0.0,0.0
901,8083.130625551964,1.0,0.0,0.0,0.0
902,8091.997675359673,1.0,0.0,0.0,0.0
903,8100.87445216251,1.0,0.0,0.0,0.0
904,8109.7609666308335,1.0,0.0,0.0,0.0
905,8118.657229446671,1.0,0.0,0.0,0.0
906,8127.563251303803,1.0,0.0,0.0,0.0
907,8136.479042907705,1.0,0.0,0.0,0.0
908,8145.404614975632,1.0,0.0,0.0,0.0
909,8154.339978236562,1.0,0.0,0.0,0.0
910,8163.285143431276,1.0,0.0,0.0,0.0
911,8172.240121312302,1.0,0.0,0.0,0.0
912,8181.2049226439985,1.0,0.0,0.0,0.0
913,8190.179558202499,1.0,0.0,0.0,0.0
914,8199.16403877579,1.0,0.0,0.0,0.0
915,8208.158375163664,1.0,0.0,0.0,0.0
916,8217.162578177786,1.0,0.0,0.0,0.0
917,8226.176658641652,1.0,0.0,0.0,0.0
918,8235.200627390666,1.0,0.0,0.0,0.0
919,8244.234495272083,1.0,0.0,0.0,0.0
920,8253.278273145092,1.0,0.0,0.0,0.0
921,8262.331971880767,1.0,0.0,0.0,0.0
922,8271.395602362109,1.0,0.0,0.0,0.0
923,8280.469175484071,1.0,0.0,0.0,0.0
924,8289.552702153567,1.0,0.0,0.0,0.0
925,8298.646193289447,1.0,0.0,0.0,0.0
926,8307.749659822546,1.0,0.0,0.0,0.0
927,8316.863112695704,1.0,0.0,0.0,0.0
928,8325.986562863765,1.0,0.0,0.0,0.0
929,8335.120021293578,1.0,0.0,0.0,0.0
930,8344.263498964016,1.0,0.0,0.0,0.0
931,8353.417006866015,1.0,0.0,0.0,0.0
932,8362.580556002571,1.0,0.0,0.0,0.0
933,8371.754157388727,1.0,0.0,0.0,0.0
934,8380.937822051616,1.0,0.0,0.0,0.0
935,8390.131561030475,1.0,0.0,0.0,0.0
936,8399.335385376666,1.0,0.0,0.0,0.0
937,8408.549306153642,1.0,0.0,0.0,0.0
938,8417.773334436999,1.0,0.0,0.0,0.0
939,8427.00748131451,1.0,0.0,0.0,0.0
940,8436.251757886072,1.0,0.0,0.0,0.0
941,8445.5061752638,1.0,0.0,0.0,0.0
942,8454.770744571953,1.0,0.0,0.0,0.0
943,8464.045476947042,1.0,0.0,0.0,0.0
944,8473.330383537748,1.0,0.0,0.0,0.0
945,8482.625475505023,1.0,0.0,0.0,0.0
946,8491.930764022023,1.0,0.0,0.0,0.0
947,8501.246260274202,1.0,0.0,0.0,0.0
948,8510.571975459241,1.0,0.0,0.0,0.0
949,8519.90792078715,1.0,0.0,0.0,0.0
950,8529.254107480188,1.0,0.0,0.0,0.0
951,8538.610546772972,1.0,0.0,0.0,0.0
952,8547.977249912403,1.0,0.0,0.0,0.0
953,8557.354228157754,1.0,0.0,0.0,0.0
954,8566.741492780615,1.0,0.0,0.0,0.0
955,8576.139055064976,1.0,0.0,0.0,0.0
956,8585.546926307168,1.0,0.0,0.0,0.0
957,8594.965117815955,1.0,0.0,0.0,0.0
958,8604.393640912464,1.0,0.0,0.0,0.0
959,8613.832506930281,1.0,0.0,0.0,0.0
960,8623.281727215388,1.0,0.0,0.0,0.0
961,8632.74131312625,1.0,0.0,0.0,0.0
962,8642.211276033751,1.0,0.0,0.0,0.0
963,8651.691627321294,1.0,0.0,0.0,0.0
964,8661.182378384727,1.0,0.0,0.0,0.0
965,8670.683540632434,1.0,0.0,0.0,0.0
966,8680.195125485281,1.0,0.0,0.0,0.0
967,8689.7171443767,1.0,0.0,0.0,0.0
968,8699.249608752623,1.0,0.0,0.0,0.0
969,8708.79253007158,1.0,0.0,0.0,0.0
970,8718.345919804633,1.0,0.0,0.0,0.0
971,8727.909789435462,1.0,0.0,0.0,0.0
972,8737.484150460308,1.0,0.0,0.0,0.0
973,8747.069014388066,1.0,0.0,0.0,0.0
974,8756.664392740207,1.0,0.0,0.0,0.0
975,8766.270297050893,1.0,0.0,0.0,0.0
976,8775.886738866888,1.0,0.0,0.0,0.0
977,8785.513729747667,1.0,0.0,0.0,0.0
978,8795.151281265347,1.0,0.0,0.0,0.0
979,8804.799405004778,1.0,0.0,0.0,0.0
980,8814.45811256348,1.0,0.0,0.0,0.0
981,8824.12741555173,1.0,0.0,0.0,0.0
982,8833.807325592505,1.0,0.0,0.0,0.0
983,8843.497854321573,1.0,0.0,0.0,0.0
984,8853.199013387428,1.0,0.0,0.0,0.0
985,8862.910814451376,1.0,0.0,0.0,0.0
986,8872.633269187478,1.0,0.0,0.0,0.0
987,8882.366389282644,1.0,0.0,0.0,0.0
988,8892.110186436565,1.0,0.0,0.0,0.0
989,8901.864672361797,1.0,0.0,0.0,0.0
990,8911.629858783715,1.0,0.0,0.0,0.0
991,8921.405757440592,1.0,0.0,0.0,0.0
992,8931.19238008354,1.0,0.0,0.0,0.0
993,8940.989738476595,1.0,0.0,0.0,0.0
994,8950.79784439667,1.0,0.0,0.0,0.0
995,8960.616709633623,1.0,0.0,0.0,0.0
996,8970.446345990227,1.0,0.0,0.0,0.0
997,8980.286765282197,1.0,0.0,0.0,0.0
998,8990.13797933823,1.0,0.0,0.0,0.0
999,8999.999999999998,1.0,0.0,0.0,0.0
