Wavelength,Scale_Factor_50
2000.0000000000002,1.0775387693846923
2001.6108914286087,1.0765382691345673
2003.2230803428147,1.0740370185092547
2004.836567787672,1.0730365182591295
2006.4513548090772,1.0710355177588795
2008.067442453768,1.069534767383692
2009.6848317693264,1.071535767883942
2011.3035238041791,1.070535267633817
2012.9235196075924,1.0700350175087543
2014.5448202296825,1.071535767883942
2016.1674267214103,1.0750375187593797
2017.791340134583,1.074537268634317
2019.4165615218544,1.0785392696348175
2021.0430919367273,1.0805402701350675
2022.670932433552,1.080040020010005
2024.3000840675284,1.0805402701350675
2025.9305478947063,1.0830415207603803
2027.562324971986,1.0840420210105053
2029.1954163571195,1.0855427713856929
2030.8298231087122,1.0865432716358179
2032.4655462862165,1.0845422711355677
2034.1025869499438,1.0855427713856929
2035.7409461610578,1.0840420210105053
2037.3806249815768,1.0845422711355677
2039.0216244743747,1.0840420210105053
2040.6639457031813,1.0825412706353177
2042.3075897325832,1.0830415207603803
2043.9525576280244,1.0835417708854427
2045.598850455807,1.0840420210105053
2047.2464692830922,1.0830415207603803
2048.8954151779008,1.0830415207603803
2050.5456892091156,1.0815407703851925
2052.197292446474,1.080040020010005
2053.850225960582,1.080040020010005
2055.5044908229047,1.0830415207603803
2057.160088105771,1.0830415207603803
2058.8170188823738,1.0855427713856929
2060.475284226769,1.0875437718859429
2062.1348852138794,1.0890445222611305
2063.7958229194924,1.090545272636318
2065.4580984202616,1.0925462731365683
2067.1217127937093,1.0950475237618809
2068.786667118224,1.0965482741370685
2070.4529624730667,1.0940470235117559
2072.1205999383587,1.090545272636318
2073.7895805951007,1.0855427713856929
2075.45990552516,1.0845422711355677
2077.1315758112755,1.0825412706353177
2078.804592537059,1.07703851925963
2080.478956786994,1.0740370185092547
2082.154669646438,1.0710355177588795
2083.8317322016233,1.0710355177588795
2085.510145539656,1.0710355177588795
2087.189910748519,1.071535767883942
2088.871028917071,1.073536768384192
2090.5535011350485,1.0740370185092547
2092.2373284930613,1.0755377688844423
2093.9225120826036,1.07703851925963
2095.6090529960456,1.0790395197598799
2097.2969523266383,1.0815407703851925
2098.9862111685134,1.0815407703851925
2100.6768306166828,1.0825412706353177
2102.368811767041,1.082041020510255
2104.062155716366,1.0830415207603803
2105.756863562317,1.0835417708854427
2107.45293640344,1.0835417708854427
2109.1503753391644,1.0830415207603803
2110.8491814698064,1.0825412706353177
2112.549355896564,1.082041020510255
2114.2508997215273,1.08104052026013
2115.9538140476716,1.0825412706353177
2117.658099978862,1.082041020510255
2119.363758619852,1.082041020510255
2121.070791076284,1.0805402701350675
2122.779198454692,1.0795397698849425
2124.4889818625015,1.078039019509755
2126.2001424080295,1.0760380190095047
2127.912681200485,1.0755377688844423
2129.6265993499715,1.0765382691345673
2131.3418979674866,1.0755377688844423
2133.058578164924,1.0740370185092547
2134.7766410550666,1.073536768384192
2136.496087751601,1.0750375187593797
2138.2169193691084,1.0740370185092547
2139.939137023067,1.0750375187593797
2141.662741829854,1.074537268634317
2143.387734906746,1.074537268634317
2145.1141173719193,1.073536768384192
2146.84189034445,1.073536768384192
2148.5710549443165,1.073536768384192
2150.3016122923996,1.072536268134067
2152.033563510482,1.0720360180090045
2153.766909721253,1.071535767883942
2155.501652048298,1.070535267633817
2157.237791616116,1.0680340170085043
2158.975329550108,1.0675337668834417
2160.714266976583,1.067033516758379
2162.4546050227555,1.071535767883942
2164.1963448167485,1.071535767883942
2165.939487487594,1.0720360180090045
2167.6840341652332,1.072536268134067
2169.4299859805174,1.0720360180090045
2171.1773440652087,1.071535767883942
2172.9261095519805,1.071535767883942
2174.676283574421,1.070535267633817
2176.4278672670252,1.070535267633817
2178.1808617652077,1.0720360180090045
2179.935268205296,1.073536768384192
2181.6910877245327,1.0740370185092547
2183.448321461076,1.0730365182591295
2185.2069705540016,1.0710355177588795
2186.9670361433023,1.0710355177588795
2188.7285193698885,1.070535267633817
2190.4914213755906,1.0710355177588795
2192.2557433031575,1.0690345172586293
2194.02148629626,1.0685342671335667
2195.788651499491,1.0680340170085043
2197.557240058359,1.0675337668834417
2199.3272531193024,1.0665332666333167
2201.09869182968,1.0665332666333167
2202.871557337775,1.0650325162581291
2204.645850792795,1.064032016008004
2206.421573344875,1.0645322661330665
2208.198726145074,1.0680340170085043
2209.9773103453795,1.069534767383692
2211.757327098707,1.070535267633817
2213.5387775588997,1.071535767883942
2215.321662880731,1.0710355177588795
2217.1059842199033,1.0740370185092547
2218.891742733054,1.074537268634317
2220.678939577743,1.0760380190095047
2222.467575912472,1.074537268634317
2224.2576528966706,1.073536768384192
2226.049171690705,1.0710355177588795
2227.8421334558734,1.072536268134067
2229.636539354412,1.072536268134067
2231.432390549491,1.0730365182591295
2233.2296882052187,1.0740370185092547
2235.028433486641,1.07703851925963
2236.8286275597407,1.0740370185092547
2238.6302715914417,1.074537268634317
2240.4333667496094,1.0750375187593797
2242.237914203042,1.0760380190095047
2244.0439151214873,1.0755377688844423
2245.8513706756326,1.0750375187593797
2247.660282037107,1.072536268134067
2249.470650378486,1.0710355177588795
2251.2824768732867,1.070535267633817
2253.0957626959726,1.070535267633817
2254.9105090219527,1.0755377688844423
2256.726717027584,1.0710355177588795
2258.54438789017,1.072536268134067
2260.363522787962,1.0730365182591295
2262.1841229001634,1.0755377688844423
2264.006189406921,1.07703851925963
2265.8297234893366,1.0790395197598799
2267.654726329464,1.080040020010005
2269.4811991103084,1.080040020010005
2271.3091430158256,1.0805402701350675
2273.138559230928,1.0790395197598799
2274.96944894148,1.078039019509755
2276.801813334303,1.0755377688844423
2278.6356535971736,1.0755377688844423
2280.470970918824,1.0755377688844423
2282.307766488946,1.0740370185092547
2284.1460414981902,1.0710355177588795
2285.98579713816,1.0685342671335667
2287.827034601425,1.0720360180090045
2289.6697550815143,1.072536268134067
2291.5139597729167,1.0710355177588795
2293.359649871084,1.0700350175087543
2295.206826572431,1.0710355177588795
2297.055491074336,1.0730365182591295
2298.9056445751403,1.0740370185092547
2300.7572882741533,1.073536768384192
2302.6104233716483,1.07703851925963
2304.4650510688653,1.07703851925963
2306.321172568015,1.0755377688844423
2308.178789072269,1.0760380190095047
2310.037901785775,1.072536268134067
2311.8985119136487,1.0720360180090045
2313.7606206619757,1.0645322661330665
2315.6242292378142,1.0710355177588795
2317.489338849193,1.0645322661330665
2319.3559507051145,1.0720360180090045
2321.224066015556,1.0730365182591295
2323.093685991468,1.0730365182591295
2324.964811844777,1.0730365182591295
2326.8374447883857,1.0730365182591295
2328.7115860361755,1.0730365182591295
2330.587236802999,1.073536768384192
2332.4643983046944,1.074537268634317
2334.343071758076,1.074537268634317
2336.2232583809396,1.073536768384192
2338.10495939206,1.0730365182591295
2339.988176011196,1.0720360180090045
2341.8729094590867,1.0720360180090045
2343.759160957456,1.0710355177588795
2345.6469317290102,1.0710355177588795
2347.5362229974426,1.073536768384192
2349.42703598743,1.074537268634317
2351.3193719246365,1.0755377688844423
2353.213232035716,1.074537268634317
2355.1086175483033,1.0740370185092547
2357.0055296910286,1.073536768384192
2358.9039696935097,1.0740370185092547
2360.8039387863546,1.0750375187593797
2362.7054382011625,1.0710355177588795
2364.608469170525,1.0700350175087543
2366.513032928026,1.070535267633817
2368.419130708243,1.071535767883942
2370.326763746748,1.0710355177588795
2372.2359332801084,1.0690345172586293
2374.1466405458877,1.0685342671335667
2376.0588867826473,1.066033016508254
2377.972673229941,1.0665332666333167
2379.888001128327,1.0665332666333167
2381.8048717193597,1.0665332666333167
2383.723286245595,1.069534767383692
2385.6432459505886,1.0690345172586293
2387.5647520788984,1.0690345172586293
2389.487805876084,1.069534767383692
2391.4124085887097,1.07703851925963
2393.338561464341,1.080040020010005
2395.2662657515516,1.08104052026013
2397.195522699919,1.0835417708854427
2399.1263335600293,1.0840420210105053
2401.0586995834697,1.0860430215107553
2402.992622022842,1.0875437718859429
2404.928102131755,1.0870435217608805
2406.865141164827,1.0875437718859429
2408.8037403776866,1.0865432716358179
2410.7439010269736,1.0855427713856929
2412.685624370341,1.0860430215107553
2414.6289116664534,1.0850425212606303
2416.5737641749906,1.0845422711355677
2418.5201831566455,1.0850425212606303
2420.468169873127,1.0815407703851925
2422.4177255871637,1.0785392696348175
2424.3688515624926,1.078039019509755
2426.3215490638763,1.0765382691345673
2428.275819357094,1.0765382691345673
2430.231663708944,1.0750375187593797
2432.1890833872444,1.0775387693846923
2434.148079660836,1.0755377688844423
2436.108653799581,1.0740370185092547
2438.0708070743635,1.074537268634317
2440.0345407570917,1.073536768384192
2441.999856120699,1.072536268134067
2443.9667544391427,1.072536268134067
2445.935236987408,1.0700350175087543
2447.9053050415077,1.0675337668834417
2449.876959878476,1.0650325162581291
2451.850202776383,1.0650325162581291
2453.8250350143253,1.0625312656328163
2455.80145787243,1.0615307653826913
2457.7794726318552,1.0560280140070035
2459.759080574792,1.0540270135067533
2461.7402829844614,1.0525262631315657
2463.7230811451213,1.0525262631315657
2465.7074763420624,1.053526763381691
2467.69346986161,1.054527263631816
2469.6810629911292,1.0525262631315657
2471.6702570190137,1.0530265132566283
2473.6610532347026,1.0495247623811905
2475.653452928672,1.0485242621310655
2477.647457392436,1.0435217608804401
2479.6430679185496,1.0430215107553777
2481.6402858006086,1.0430215107553777
2483.6391123332514,1.040520260130065
2485.639548812159,1.0420210105052525
2487.6415965340548,1.03951975987994
2489.645256796708,1.038519259629815
2491.650530898933,1.0380190095047523
2493.6574201405892,1.040520260130065
2495.6659258225873,1.0410205102551275
2497.676049246876,1.0375187593796897
2499.6877917164625,1.038519259629815
2501.701154535399,1.040520260130065
2503.7161390087895,1.0400200100050025
2505.7327464427885,1.0445222611305653
2507.750978144603,1.0475237618809405
2509.7708354224915,1.0550275137568785
2511.7923195857684,1.0560280140070035
2513.815431944801,1.0605302651325663
2515.840173811013,1.0645322661330665
2517.8665464968835,1.071535767883942
2519.894551315952,1.078039019509755
2521.924189582808,1.0865432716358179
2523.9554626131076,1.090545272636318
2525.9883717235643,1.0830415207603803
2528.0229182319513,1.0855427713856929
2530.059103457104,1.0855427713856929
2532.09692871892,1.0900450225112557
2534.1363953383598,1.0925462731365683
2536.1775046374473,1.1015507753876939
2538.2202579392724,1.1015507753876939
2540.2646565679897,1.1005502751375689
2542.3107018488213,1.0995497748874437
2544.3583951080577,1.097048524262131
2546.4077376730515,1.0945472736368185
2548.458730872231,1.0945472736368185
2550.5113760350937,1.0945472736368185
2552.5656744922053,1.0890445222611305
2554.6216275752054,1.0915457728864433
2556.6792366168047,1.0935467733866933
2558.738502950788,1.0950475237618809
2560.7994279120153,1.0955477738869435
2562.8620128364196,1.0975487743871937
2564.926259061012,1.1050525262631314
2566.992167923879,1.1040520260130064
2569.0597407641885,1.0910455227613807
2571.1289789221787,1.089544772386193
2573.1998837391748,1.0875437718859429
2575.272456557581,1.0865432716358179
2577.346698720881,1.0825412706353177
2579.422611573642,1.0790395197598799
2581.5001964615135,1.0720360180090045
2583.579454731229,1.0700350175087543
2585.6603877306065,1.0655327663831915
2587.7429968085503,1.0680340170085043
2589.827283315051,1.0615307653826913
2591.913248601185,1.070535267633817
2594.000894019119,1.0685342671335667
2596.0902209221113,1.0710355177588795
2598.1812306644997,1.0655327663831915
2600.2739246017245,1.0625312656328163
2602.368304090312,1.062031015507754
2604.4643704878827,1.0595297648824413
2606.56212515315,1.0540270135067533
2608.6615694459224,1.0520260130065033
2610.762704727103,1.048024012006003
2612.865532358691,1.0485242621310655
2614.9700537037825,1.046023011505753
2617.076270126572,1.047023511755878
2619.184182992353,1.0475237618809405
2621.2937936675203,1.0495247623811905
2623.405103519562,1.0430215107553777
2625.518113917076,1.0465232616308153
2627.6328262297584,1.046023011505753
2629.7492418284105,1.0495247623811905
2631.867362084936,1.0465232616308153
2633.9871883723445,1.0425212606303151
2636.108722064751,1.0420210105052525
2638.231964537378,1.0425212606303151
2640.3569171665554,1.0420210105052525
2642.483581329721,1.0415207603801901
2644.6119584054222,1.0410205102551275
2646.74204977332,1.0400200100050025
2648.873856814179,1.0390195097548773
2651.0073809098826,1.0380190095047523
2653.1426234434252,1.0455227613806903
2655.279585798916,1.047023511755878
2657.418269361577,1.047023511755878
2659.5586755177483,1.0520260130065033
2661.700805654885,1.0525262631315657
2663.8446611615595,1.0530265132566283
2665.9902434274645,1.0500250125062531
2668.13755384341,1.0500250125062531
2670.2865938013274,1.0510255127563781
2672.4373646942713,1.0525262631315657
2674.589867916411,1.0575287643821911
2676.744104863046,1.0595297648824413
2678.9000769305967,1.0615307653826913
2681.05778551661,1.062031015507754
2683.2172320197565,1.0615307653826913
2685.3784178398337,1.0680340170085043
2687.541344377768,1.067033516758379
2689.7060130356126,1.0690345172586293
2691.8724252165507,1.0710355177588795
2694.040582324895,1.0720360180090045
2696.21048576609,1.0685342671335667
2698.3821369467128,1.0740370185092547
2700.5555372744743,1.0755377688844423
2702.7306881582126,1.067033516758379
2704.907591007908,1.0690345172586293
2707.086247234675,1.0730365182591295
2709.266658250762,1.0835417708854427
2711.448825469557,1.0855427713856929
2713.632750305587,1.0865432716358179
2715.8184341745164,1.0840420210105053
2718.0058784931507,1.0845422711355677
2720.1950846794366,1.0850425212606303
2722.386054152463,1.0865432716358179
2724.5787883324647,1.0845422711355677
2726.773288640811,1.0870435217608805
2728.9695565000266,1.0850425212606303
2731.167593333776,1.080040020010005
2733.3674005668736,1.0790395197598799
2735.568979625279,1.078039019509755
2737.7723319361016,1.0730365182591295
2739.9774589276003,1.0690345172586293
2742.184362029184,1.069534767383692
2744.3930426714123,1.0685342671335667
2746.6035022859987,1.0690345172586293
2748.815742305808,1.0685342671335667
2751.02976416486,1.0685342671335667
2753.245569298333,1.0665332666333167
2755.4631591425514,1.063031515757879
2757.682535135006,1.0590295147573787
2759.903698714342,1.0575287643821911
2762.126651320364,1.0575287643821911
2764.3513943940357,1.0605302651325663
2766.5779293774813,1.0590295147573787
2768.806257713987,1.0590295147573787
2771.0363808480015,1.0580290145072537
2773.268300225137,1.0550275137568785
2775.502017292169,1.0580290145072537
2777.7375334970425,1.0585292646323161
2779.9748502888597,1.0605302651325663
2782.2139691178986,1.0610305152576287
2784.454891435602,1.0605302651325663
2786.697618694582,1.0605302651325663
2788.9421523486217,1.0605302651325663
2791.188493852673,1.0595297648824413
2793.4366446628624,1.0595297648824413
2795.6866062364866,1.0580290145072537
2797.9383800320174,1.0575287643821911
2800.1919675091017,1.0570285142571285
2802.447370128561,1.0570285142571285
2804.704589352394,1.0570285142571285
2806.96362664378,1.055527763881941
2809.2244834670687,1.053526763381691
2811.4871612877955,1.0520260130065033
2813.7516615726763,1.0510255127563781
2816.0179857896064,1.0505252626313157
2818.2861354076645,1.0500250125062531
2820.5561118971114,1.0495247623811905
2822.8279167293936,1.0490245122561281
2825.1015513771417,1.0490245122561281
2827.377017314173,1.0505252626313157
2829.6543160154906,1.048024012006003
2831.933448957288,1.048024012006003
2834.214417616948,1.047023511755878
2836.497223473037,1.046023011505753
2838.7818680053197,1.0440220110055027
2841.068352694749,1.0400200100050025
2843.356679023472,1.040520260130065
2845.64684847483,1.040520260130065
2847.9388625333577,1.0400200100050025
2850.2327226847856,1.03951975987994
2852.528430416042,1.040520260130065
2854.8259872152516,1.0400200100050025
2857.1253945717385,1.0440220110055027
2859.426653976026,1.0445222611305653
2861.7297669198383,1.0455227613806903
2864.0347348961036,1.0450225112556277
2866.3415593989444,1.0430215107553777
2868.6502419236945,1.0450225112556277
2870.9607839668897,1.0420210105052525
2873.2731870262714,1.0440220110055027
2875.587452600787,1.0440220110055027
2877.9035821905914,1.0455227613806903
2880.2215772970476,1.0450225112556277
2882.541439422728,1.0455227613806903
2884.8631700714154,1.0455227613806903
2887.1867707481038,1.0475237618809405
2889.5122429590015,1.047023511755878
2891.8395882115224,1.0495247623811905
2894.168808014303,1.0500250125062531
2896.499903877191,1.0530265132566283
2898.8328773112517,1.055527763881941
2901.1677298287664,1.0565282641320661
2903.5044629432346,1.0575287643821911
2905.8430781693755,1.0580290145072537
2908.183577023128,1.0585292646323161
2910.525961021651,1.0610305152576287
2912.870231683327,1.062031015507754
2915.2163905277607,1.0700350175087543
2917.5644390757807,1.071535767883942
2919.914378849444,1.071535767883942
2922.2662113720235,1.0710355177588795
2924.6199381680294,1.0680340170085043
2926.9755607631955,1.0730365182591295
2929.3330806844856,1.0740370185092547
2931.692499460092,1.0655327663831915
2934.0538186194403,1.072536268134067
2936.4170396931854,1.069534767383692
2938.782164213216,1.0690345172586293
2941.1491937126557,1.0675337668834417
2943.518129725861,1.0645322661330665
2945.8889737884256,1.063031515757879
2948.2617274371823,1.0590295147573787
2950.636392210194,1.0590295147573787
2953.0129696467698,1.0590295147573787
2955.3914612874564,1.0575287643821911
2957.771868674042,1.0575287643821911
2960.154193349555,1.0525262631315657
2962.538436858268,1.0580290145072537
2964.9246007456973,1.0580290145072537
2967.312686558603,1.0590295147573787
2969.7026958449924,1.0570285142571285
2972.0946301541185,1.0565282641320661
2974.4884910364826,1.0550275137568785
2976.8842800438356,1.0510255127563781
2979.2819987291796,1.0515257628814407
2981.6816486467596,1.046023011505753
2984.083231352082,1.046023011505753
2986.4867484019014,1.0440220110055027
2988.8922013542283,1.040520260130065
2991.2995917683265,1.038519259629815
2993.7089212047163,1.0365182591295647
2996.120191225175,1.0345172586293148
2998.533403392738,1.0355177588794398
3000.9485592716987,1.0345172586293148
3003.3656604276116,1.0330165082541272
3005.7847084272944,1.031015507753877
3008.2057048388183,1.0265132566283142
3010.6286512315264,1.0290145072536268
3013.0535491760224,1.0285142571285644
3015.4804002441756,1.0275137568784392
3017.9092060091207,1.0255127563781892
3020.33996804526,1.023511755877939
3022.772687928264,1.023511755877939
3025.2073672350716,1.0250125062531266
3027.6440075438927,1.0280140070035018
3030.082610434208,1.0265132566283142
3032.5231774867702,1.0295147573786894
3034.965710283605,1.031015507753877
3037.4102104080166,1.0325162581290646
3039.8566794445737,1.031015507753877
3042.3051189791313,1.0295147573786894
3044.755530598819,1.0255127563781892
3047.2079158920437,1.0255127563781892
3049.6622764484932,1.023511755877939
3052.118613859134,1.022511255627814
3054.576929716215,1.0195097548774388
3057.0372256132673,1.0175087543771886
3059.4995031451062,1.0165082541270636
3061.9637639078305,1.015007503751876
3064.430009498828,1.015007503751876
3066.8982415167643,1.0135067533766884
3069.368461561601,1.0130065032516258
3071.8406712345864,1.0095047523761882
3074.3148721382577,1.0110055027513758
3076.7910658764436,1.0120060030015008
3079.269254054263,1.0125062531265632
3081.74943827813,1.0125062531265632
3084.2316201557505,1.0130065032516258
3086.7158012961268,1.0130065032516258
3089.201983309556,1.0135067533766884
3091.690167807633,1.0155077538769384
3094.18035640325,1.0175087543771886
3096.6725507106025,1.0210105052526264
3099.166752345176,1.023511755877939
3101.662962923767,1.0255127563781892
3104.1611840644696,1.0280140070035018
3106.661417386684,1.0305152576288144
3109.1636645111125,1.0315157578789396
3111.6679270597638,1.030015007503752
3114.174206655952,1.032016008004002
3116.6825049243,1.0340170085042522
3119.192823490738,1.0380190095047523
3121.705163982507,1.0380190095047523
3124.2195280281585,1.038519259629815
3126.7359172575575,1.0390195097548773
3129.254333301874,1.0390195097548773
3131.7747777935997,1.038519259629815
3134.29725236654,1.0375187593796897
3136.821758655814,1.0355177588794398
3139.3482982978594,1.0370185092546274
3141.876872930432,1.0365182591295647
3144.4074841926054,1.0355177588794398
3146.9401337247746,1.0375187593796897
3149.474823168655,1.0375187593796897
3152.0115541672853,1.0370185092546274
3154.550328365027,1.0380190095047523
3157.0911474075656,1.0340170085042522
3159.634012941916,1.0375187593796897
3162.17892661641,1.0375187593796897
3164.7258900807165,1.0345172586293148
3167.27490498583,1.0375187593796897
3169.825972984074,1.0355177588794398
3172.3790957291044,1.0345172586293148
3174.9342748759077,1.0360180090045024
3177.491512080804,1.0365182591295647
3180.0508090014478,1.0345172586293148
3182.6121672968275,1.040520260130065
3185.1755886272695,1.0425212606303151
3187.7410746544388,1.0430215107553777
3190.308627041331,1.0430215107553777
3192.878247452289,1.0440220110055027
3195.449937552995,1.046023011505753
3198.023699010471,1.047023511755878
3200.599533493082,1.0510255127563781
3203.1774426705383,1.0495247623811905
3205.7574282138935,1.0500250125062531
3208.3394917955475,1.0560280140070035
3210.923635089247,1.0575287643821911
3213.509859770088,1.0575287643821911
3216.098167514514,1.0560280140070035
3218.6885600003206,1.0690345172586293
3221.2810389066562,1.070535267633817
3223.8756059140132,1.070535267633817
3226.4722627042465,1.069534767383692
3229.071010960563,1.0750375187593797
3231.6718523675254,1.073536768384192
3234.2747886110524,1.0740370185092547
3236.8798213784216,1.0760380190095047
3239.486952358269,1.0785392696348175
3242.09618324059,1.0760380190095047
3244.7075157167433,1.078039019509755
3247.3209514794485,1.0795397698849425
3249.936492222788,1.0795397698849425
3252.554139642213,1.08104052026013
3255.1738954345306,1.0805402701350675
3257.795761297923,1.07703851925963
3260.4197389319393,1.07703851925963
3263.045830037495,1.0710355177588795
3265.674036316877,1.072536268134067
3268.304359473743,1.0765382691345673
3270.936801213123,1.080040020010005
3273.57136324142,1.0840420210105053
3276.208047266412,1.0875437718859429
3278.8468549972517,1.0855427713856929
3281.4877881444695,1.0875437718859429
3284.130848419972,1.0825412706353177
3286.7760375370494,1.080040020010005
3289.4233572103617,1.0785392696348175
3292.072809155959,1.074537268634317
3294.724395091271,1.0835417708854427
3297.3781167351112,1.0815407703851925
3300.033975807676,1.0765382691345673
3302.691974030549,1.0880440220110055
3305.352113126699,1.0850425212606303
3308.014394820483,1.0870435217608805
3310.678820837648,1.0865432716358179
3313.3453929053294,1.0875437718859429
3316.0141127520583,1.0870435217608805
3318.6849821077467,1.0915457728864433
3321.3580027037115,1.0910455227613807
3324.033176272659,1.0840420210105053
3326.7105045486933,1.0825412706353177
3329.3899892673126,1.0850425212606303
3332.0716321654154,1.0855427713856929
3334.755434981298,1.088544272136068
3337.441399454656,1.0840420210105053
3340.1295273265887,1.0830415207603803
3342.819820339595,1.080040020010005
3345.512280237579,1.0760380190095047
3348.2069087658483,1.073536768384192
3350.903707671121,1.0690345172586293
3353.602678701511,1.0690345172586293
3356.3038236065504,1.0665332666333167
3359.0071441371774,1.069534767383692
3361.71264204574,1.0685342671335667
3364.420319085998,1.0675337668834417
3367.130177013124,1.0645322661330665
3369.8422175837036,1.0645322661330665
3372.556442555738,1.0625312656328163
3375.272853688644,1.0615307653826913
3377.9914527432547,1.0595297648824413
3380.712241481827,1.0600300150075037
3383.435221668024,1.0565282641320661
3386.160395066943,1.0550275137568785
3388.887763445096,1.0540270135067533
3391.617328570421,1.0510255127563781
3394.3490922122783,1.0500250125062531
3397.0830561414527,1.0505252626313157
3399.819222130158,1.0515257628814407
3402.5575919520315,1.047023511755878
3405.2981673821428,1.048024012006003
3408.040950196989,1.0420210105052525
3410.7859421744984,1.0370185092546274
3413.533145094032,1.0335167583791895
3416.282560736387,1.0290145072536268
3419.0341908837845,1.0250125062531266
3421.7880373198914,1.022511255627814
3424.5441018298084,1.0200100050025012
3427.3023862000728,1.0165082541270636
3430.0628922186625,1.0195097548774388
3432.825621674994,1.016008004002001
3435.590576359926,1.0180090045022512
3438.3577580657593,1.0165082541270636
3441.127168586238,1.0135067533766884
3443.8988097165516,1.0145072536268134
3446.6726832533354,1.0135067533766884
3449.4487909946747,1.0105052526263132
3452.2271347400933,1.0055027513756878
3455.0077162905745,1.0090045022511256
3457.790537448549,1.001000500250125
3460.5756000178985,1.0070035017508754
3463.362905803959,1.0070035017508754
3466.152456613519,1.0060030015007504
3468.9442542548236,1.0030015007503752
3471.7383005375737,1.0030015007503752
3474.5345972729274,1.0020010005002502
3477.3331462735027,1.0015007503751876
3480.133949353377,1.0
3482.9370083280883,1.0005002501250626
3485.742325014641,1.0055027513756878
3488.549901231493,1.007503751875938
3491.3597387985765,1.0115057528764382
3494.1718395372864,1.0130065032516258
3496.9862052704843,1.0135067533766884
3499.8028378225004,1.0040020010005002
3502.6217390191346,1.0155077538769384
3505.442910687656,1.017008504252126
3508.266354656808,1.017008504252126
3511.0920727568036,1.0165082541270636
3513.9200668193334,1.016008004002001
3516.7503386775643,1.0155077538769384
3519.5828901661303,1.015007503751876
3522.417723121153,1.0140070035017508
3525.2548393802304,1.0135067533766884
3528.0942407824396,1.0165082541270636
3530.935929168339,1.0190095047523762
3533.7799063799707,1.0215107553776888
3536.626174260859,1.0220110055027514
3539.4747346560134,1.022511255627814
3542.32558941193,1.0230115057528764
3545.1787403765925,1.024512256128064
3548.0341893994714,1.024512256128064
3550.891938331528,1.0255127563781892
3553.7519890252183,1.0265132566283142
3556.6143433344787,1.0270135067533768
3559.479003114751,1.0295147573786894
3562.345970222965,1.0295147573786894
3565.2152465175504,1.0280140070035018
3568.08683385843,1.0270135067533768
3570.960734107027,1.022511255627814
3573.836949126262,1.0205102551275638
3576.715480780558,1.0175087543771886
3579.5963309358385,1.0145072536268134
3582.4795014595297,1.0120060030015008
3585.364994220567,1.0125062531265632
3588.252811089378,1.0115057528764382
3591.1429539379105,1.015007503751876
3594.0354246396137,1.016008004002001
3596.9302250694473,1.0185092546273136
3599.827357103881,1.0205102551275638
3602.7268226208953,1.0250125062531266
3605.6286234999843,1.0290145072536268
3608.5327616221552,1.032016008004002
3611.4392388699303,1.0370185092546274
3614.348057127348,1.0400200100050025
3617.2592182799654,1.0430215107553777
3620.1727242148563,1.0495247623811905
3623.0885768206163,1.0500250125062531
3626.006777987365,1.0540270135067533
3628.927329606733,1.054527263631816
3631.8502335718863,1.0570285142571285
3634.7754917775114,1.0565282641320661
3637.7031061198218,1.0600300150075037
3640.633078496557,1.0585292646323161
3643.5654108069866,1.0585292646323161
3646.5001049519083,1.0575287643821911
3649.4371628336517,1.054527263631816
3652.376586356079,1.053526763381691
3655.318377424588,1.0530265132566283
3658.2625379461024,1.0510255127563781
3661.209069829091,1.048024012006003
3664.1579749835564,1.0445222611305653
3667.109255321041,1.0435217608804401
3670.0629127546244,1.0425212606303151
3673.01894919893,1.0415207603801901
3675.9773665701205,1.0425212606303151
3678.938166785904,1.0445222611305653
3681.9013517655317,1.0455227613806903
3684.8669234298022,1.0465232616308153
3687.8348837010603,1.048024012006003
3690.805234503199,1.047023511755878
3693.777977761661,1.0475237618809405
3696.7531154034446,1.0465232616308153
3699.7306493570873,1.0450225112556277
3702.710581552692,1.0450225112556277
3705.6929139219123,1.0420210105052525
3708.6776483979584,1.0400200100050025
3711.6647869155963,1.038519259629815
3714.654331411152,1.0375187593796897
3717.6462838225084,1.0360180090045024
3720.6406460891126,1.0350175087543771
3723.637420151971,1.0350175087543771
3726.6366079536556,1.0350175087543771
3729.638211438305,1.0350175087543771
3732.6422325516132,1.0335167583791895
3735.648673240853,1.0340170085042522
3738.657535454861,1.031015507753877
3741.6688211440446,1.0280140070035018
3744.682532260381,1.0280140070035018
3747.6986707574197,1.0265132566283142
3750.717238590285,1.0265132566283142
3753.7382377156746,1.0270135067533768
3756.761670091863,1.0285142571285644
3759.7875376787006,1.0295147573786894
3762.815842437619,1.0290145072536268
3765.846586331626,1.030015007503752
3768.8797713253143,1.0325162581290646
3771.91539938486,1.0330165082541272
3774.953472478013,1.0340170085042522
3777.9939925741182,1.0360180090045024
3781.036961644104,1.0360180090045024
3784.082381660486,1.0365182591295647
3787.130254597369,1.0375187593796897
3790.1805824304465,1.0390195097548773
3793.2333671370043,1.0390195097548773
3796.2886106959204,1.0425212606303151
3799.3463150876673,1.0415207603801901
3802.4064822943164,1.0430215107553777
3805.469114299523,1.0450225112556277
3808.534213088553,1.046023011505753
3811.601780648266,1.0465232616308153
3814.6718189671237,1.0475237618809405
3817.744330035188,1.0485242621310655
3820.819315844124,1.0495247623811905
3823.8967783872017,1.0490245122561281
3826.976719659295,1.0505252626313157
3830.059141656887,1.0505252626313157
3833.1440463780664,1.0490245122561281
3836.2314358225326,1.048024012006003
3839.321311991595,1.0450225112556277
3842.4136768881754,1.0440220110055027
3845.508532516813,1.0425212606303151
3848.605880883649,1.0425212606303151
3851.705723996453,1.0420210105052525
3854.808063864607,1.0420210105052525
3857.912902499112,1.0420210105052525
3861.0202419125894,1.0420210105052525
3864.1300841192797,1.0420210105052525
3867.242431135048,1.0420210105052525
3870.357284977381,1.03951975987994
3873.4746476653922,1.0400200100050025
3876.5945212198203,1.0420210105052525
3879.716907663036,1.0440220110055027
3882.841809019027,1.0440220110055027
3885.969227313423,1.0455227613806903
3889.0991645734807,1.0450225112556277
3892.2316228280906,1.0445222611305653
3895.3666041077768,1.0440220110055027
3898.5041104446996,1.046023011505753
3901.6441438726547,1.0455227613806903
3904.786706427077,1.0475237618809405
3907.931800145041,1.0475237618809405
3911.079427065261,1.0475237618809405
3914.229589228094,1.0485242621310655
3917.382288675541,1.0500250125062531
3920.53752745125,1.0485242621310655
3923.6953076005047,1.0465232616308153
3926.855631170247,1.0450225112556277
3930.0185002090648,1.047023511755878
3933.183916767194,1.048024012006003
3936.351882896525,1.0455227613806903
3939.5224006505973,1.0495247623811905
3942.695472084607,1.053526763381691
3945.8710992554043,1.0540270135067533
3949.0492842214967,1.0585292646323161
3952.230029043049,1.0565282641320661
3955.4133357818905,1.0645322661330665
3958.5992065014975,1.0700350175087543
3961.7876432670223,1.074537268634317
3964.9786481452757,1.0775387693846923
3968.172223204732,1.0835417708854427
3971.368370515533,1.090545272636318
3974.5670921494884,1.0920460230115057
3977.768390180075,1.0940470235117559
3980.9722666824405,1.096048024012006
3984.178723733404,1.1025512756378189
3987.387763411457,1.105552776388194
3990.599387796766,1.1040520260130064
3993.8135989711723,1.104552276138069
3997.0303990181933,1.1075537768884443
4000.2497900230305,1.1075537768884443
4003.471774072551,1.104552276138069
4006.696353255316,1.1025512756378189
4009.923529661564,1.1050525262631314
4013.1533053832172,1.1000500250125063
4016.385682513884,1.1005502751375689
4019.620663148858,1.097048524262131
4022.85824938512,1.0945472736368185
4026.0984433213407,1.0860430215107553
4029.341247057881,1.0930465232616309
4032.5866626967972,1.089544772386193
4035.8346923418267,1.088544272136068
4039.085338098414,1.0880440220110055
4042.3386020736943,1.0875437718859429
4045.594486376501,1.0845422711355677
4048.852993117366,1.0870435217608805
4052.11412440852,1.0830415207603803
4055.377882363897,1.0855427713856929
4058.644269099131,1.0840420210105053
4061.9132867315625,1.0830415207603803
4065.184937380236,1.0795397698849425
4068.459223165903,1.0785392696348175
4071.7361462110234,1.0790395197598799
4075.015708639767,1.0700350175087543
4078.2979125780175,1.074537268634317
4081.5827601533592,1.0720360180090045
4084.870253495103,1.070535267633817
4088.1603947342696,1.0720360180090045
4091.453186003597,1.069534767383692
4094.74862943754,1.0675337668834417
4098.046727172274,1.0685342671335667
4101.347481345692,1.0665332666333167
4104.650894097415,1.0600300150075037
4107.956967568781,1.0530265132566283
4111.265703902855,1.0515257628814407
4114.577105244434,1.046023011505753
4117.891173740028,1.0425212606303151
4121.207911537888,1.0430215107553777
4124.527320787993,1.0400200100050025
4127.8494036420525,1.0410205102551275
4131.174162253509,1.040520260130065
4134.5015987775405,1.0415207603801901
4137.83171537106,1.0435217608804401
4141.164514192718,1.0430215107553777
4144.499997402903,1.0425212606303151
4147.838167163745,1.0400200100050025
4151.179025639115,1.040520260130065
4154.522574994626,1.0370185092546274
4157.86881739764,1.0355177588794398
4161.217755017252,1.0335167583791895
4164.569390024318,1.032016008004002
4167.9237245914355,1.0330165082541272
4171.280760892954,1.0325162581290646
4174.640501104976,1.0330165082541272
4178.002947405351,1.0325162581290646
4181.36810197369,1.0335167583791895
4184.735966991352,1.0335167583791895
4188.1065446414605,1.0340170085042522
4191.479837108892,1.032016008004002
4194.855846580288,1.0325162581290646
4198.23457524404,1.0330165082541272
4201.616025290315,1.0345172586293148
4205.000198911036,1.0330165082541272
4208.387098299898,1.0330165082541272
4211.776725652357,1.0330165082541272
4215.16908316564,1.0325162581290646
4218.564173038743,1.0340170085042522
4221.961997472435,1.0330165082541272
4225.362558669254,1.0325162581290646
4228.765858833516,1.031015507753877
4232.17190017131,1.0285142571285644
4235.580684890501,1.0265132566283142
4238.992215200737,1.0280140070035018
4242.406493313443,1.0265132566283142
4245.823521441819,1.0265132566283142
4249.243301800857,1.0280140070035018
4252.665836607328,1.0275137568784392
4256.091128079792,1.0285142571285644
4259.519178438592,1.0295147573786894
4262.949989905862,1.0290145072536268
4266.383564705525,1.0290145072536268
4269.819905063295,1.030015007503752
4273.259013206679,1.0285142571285644
4276.700891364983,1.0265132566283142
4280.145541769294,1.024512256128064
4283.592966652511,1.0220110055027514
4287.0431682493245,1.0190095047523762
4290.496148796228,1.016008004002001
4293.951910531515,1.0135067533766884
4297.410455695282,1.0110055027513758
4300.8717865294275,1.0030015007503752
4304.33590527766,1.006503251625813
4307.802814185491,1.0055027513756878
4311.2725155002445,1.0050025012506254
4314.745011471052,1.0040020010005002
4318.220304348857,1.0020010005002502
4321.698396386417,1.0035017508754378
4325.1792898383055,1.0035017508754378
4328.662986960903,1.0025012506253126
4332.149490012419,1.0040020010005002
4335.638801252874,1.007503751875938
4339.130922944115,1.0100050025012506
4342.625857349805,1.0130065032516258
4346.123606735434,1.0140070035017508
4349.6241733683155,1.017008504252126
4353.127559517589,1.017008504252126
4356.633767454223,1.0205102551275638
4360.142799451012,1.0210105052526264
4363.654657782588,1.0215107553776888
4367.169344725404,1.0215107553776888
4370.686862557754,1.0205102551275638
4374.207213559766,1.0210105052526264
4377.730400013407,1.0215107553776888
4381.256424202477,1.0215107553776888
4384.785288412619,1.0240120060030016
4388.316994931315,1.0255127563781892
4391.851546047891,1.0255127563781892
4395.388944053516,1.0230115057528764
4398.929191241204,1.024512256128064
4402.472289905817,1.024512256128064
4406.018242344065,1.0240120060030016
4409.567050854507,1.024512256128064
4413.11871773756,1.0260130065032516
4416.6732452954775,1.0290145072536268
4420.230635832383,1.032016008004002
4423.79089165425,1.0340170085042522
4427.354015068911,1.0365182591295647
4430.920008386056,1.0380190095047523
4434.488873917236,1.03951975987994
4438.060613975862,1.040520260130065
4441.635230877212,1.0425212606303151
4445.212726938425,1.0440220110055027
4448.793104478512,1.048024012006003
4452.376365818341,1.048024012006003
4455.962513280659,1.0510255127563781
4459.551549190081,1.0495247623811905
4463.143475873095,1.0505252626313157
4466.738295658062,1.0505252626313157
4470.336010875219,1.0520260130065033
4473.936623856678,1.0560280140070035
4477.540136936432,1.0600300150075037
4481.146552450353,1.0610305152576287
4484.755872736193,1.064032016008004
4488.368100133589,1.0650325162581291
4491.9832369840615,1.0650325162581291
4495.601285631017,1.0645322661330665
4499.222248419754,1.0645322661330665
4502.846127697446,1.066033016508254
4506.472925813171,1.0650325162581291
4510.102645117895,1.0635317658829415
4513.735287964478,1.0625312656328163
4517.370856707673,1.0615307653826913
4521.009353704131,1.0610305152576287
4524.650781312401,1.0605302651325663
4528.295141892932,1.0635317658829415
4531.942437808075,1.0655327663831915
4535.592671422081,1.0680340170085043
4539.2458451011125,1.069534767383692
4542.901961213222,1.0710355177588795
4546.561022128386,1.0720360180090045
4550.223030218482,1.073536768384192
4553.8879878573,1.0720360180090045
4557.555897420541,1.0710355177588795
4561.22676128582,1.070535267633817
4564.900581832668,1.069534767383692
4568.577361442531,1.0675337668834417
4572.257102498772,1.066033016508254
4575.939807386676,1.0625312656328163
4579.62547849345,1.0590295147573787
4583.314118208221,1.0560280140070035
4587.005728922047,1.0540270135067533
4590.700313027896,1.0520260130065033
4594.397872920679,1.0505252626313157
4598.098410997232,1.0500250125062531
4601.801929656319,1.0525262631315657
4605.508431298637,1.053526763381691
4609.217918326819,1.0550275137568785
4612.93039314543,1.0575287643821911
4616.645858160973,1.0580290145072537
4620.364315781889,1.0590295147573787
4624.085768418559,1.0530265132566283
4627.810218483312,1.0595297648824413
4631.537668390403,1.063031515757879
4635.268120556047,1.0645322661330665
4639.0015773984,1.0655327663831915
4642.738041337566,1.067033516758379
4646.477514795599,1.0665332666333167
4650.220000196502,1.064032016008004
4653.965499966232,1.0550275137568785
4657.7140165327,1.0645322661330665
4661.465552325771,1.066033016508254
4665.220109777269,1.0700350175087543
4668.977691320974,1.0700350175087543
4672.738299392631,1.0690345172586293
4676.501936429942,1.0740370185092547
4680.26860487258,1.073536768384192
4684.038307162167,1.0790395197598799
4687.811045742308,1.082041020510255
4691.586823058569,1.0845422711355677
4695.365641558488,1.0865432716358179
4699.147503691573,1.0855427713856929
4702.932411909304,1.0880440220110055
4706.720368665139,1.088544272136068
4710.511376414509,1.0870435217608805
4714.305437614824,1.0860430215107553
4718.102554725477,1.0860430215107553
4721.902730207828,1.0845422711355677
4725.705966525235,1.0830415207603803
4729.512266143035,1.088544272136068
4733.32163152855,1.0850425212606303
4737.134065151088,1.0815407703851925
4740.949569481949,1.0830415207603803
4744.76814699442,1.0860430215107553
4748.589800163784,1.0855427713856929
4752.414531467315,1.0850425212606303
4756.242343384282,1.0875437718859429
4760.073238395954,1.0865432716358179
4763.907218985594,1.0880440220110055
4767.744287638469,1.0890445222611305
4771.584446841851,1.082041020510255
4775.427699085,1.0850425212606303
4779.274046859198,1.0860430215107553
4783.123492657727,1.0880440220110055
4786.976038975876,1.0850425212606303
4790.831688310946,1.0875437718859429
4794.690443162249,1.0875437718859429
4798.55230603111,1.0880440220110055
4802.417279420867,1.0875437718859429
4806.285365836878,1.0910455227613807
4810.156567786514,1.090545272636318
4814.030887779175,1.0910455227613807
4817.908328326265,1.0880440220110055
4821.788891941226,1.090545272636318
4825.67258113952,1.0890445222611305
4829.559398438634,1.0865432716358179
4833.449346358085,1.0830415207603803
4837.342427419415,1.0845422711355677
4841.238644146202,1.0765382691345673
4845.137999064054,1.078039019509755
4849.040494700613,1.0775387693846923
4852.946133585557,1.0765382691345673
4856.854918250603,1.0775387693846923
4860.766851229506,1.0685342671335667
4864.68193505806,1.0685342671335667
4868.600172274111,1.0690345172586293
4872.52156541753,1.063031515757879
4876.446117030251,1.0595297648824413
4880.373829656249,1.0570285142571285
4884.304705841548,1.0520260130065033
4888.238748134224,1.0495247623811905
4892.175959084405,1.0445222611305653
4896.116341244271,1.0410205102551275
4900.059897168061,1.0375187593796897
4904.00662941207,1.0345172586293148
4907.956540534654,1.0330165082541272
4911.909633096219,1.0315157578789396
4915.865909659246,1.0330165082541272
4919.825372788276,1.0315157578789396
4923.788025049913,1.0315157578789396
4927.753869012832,1.030015007503752
4931.722907247775,1.0280140070035018
4935.695142327554,1.0290145072536268
4939.670576827054,1.0305152576288144
4943.649213323234,1.0315157578789396
4947.631054395129,1.0330165082541272
4951.61610262385,1.0360180090045024
4955.604360592588,1.0370185092546274
4959.595830886615,1.0375187593796897
4963.590516093289,1.0375187593796897
4967.588418802037,1.0365182591295647
4971.589541604389,1.0350175087543771
4975.5938870939535,1.0365182591295647
4979.601457866432,1.0360180090045024
4983.612256519614,1.0370185092546274
4987.626285653381,1.0380190095047523
4991.643547869712,1.0380190095047523
4995.664045772678,1.0355177588794398
4999.68778196845,1.0325162581290646
5003.714759065296,1.0295147573786894
5007.744979673591,1.0285142571285644
5011.778446405798,1.0280140070035018
5015.815161876498,1.0280140070035018
5019.855128702373,1.0275137568784392
5023.898349502215,1.0275137568784392
5027.944826896922,1.0280140070035018
5031.994563509504,1.0270135067533768
5036.047561965084,1.0270135067533768
5040.103824890902,1.0290145072536268
5044.163354916309,1.030015007503752
5048.226154672777,1.0315157578789396
5052.292226793897,1.0325162581290646
5056.36157391538,1.0315157578789396
5060.434198675068,1.0325162581290646
5064.51010371291,1.0360180090045024
5068.589291670995,1.038519259629815
5072.6717651935405,1.0380190095047523
5076.757526926888,1.0370185092546274
5080.8465795195125,1.0350175087543771
5084.938925622024,1.0350175087543771
5089.034567887165,1.0350175087543771
5093.133508969816,1.0350175087543771
5097.235751526995,1.0360180090045024
5101.341298217862,1.038519259629815
5105.450151703719,1.040520260130065
5109.562314648003,1.0420210105052525
5113.6777897163065,1.0435217608804401
5117.796579576367,1.0450225112556277
5121.918686898067,1.0485242621310655
5126.0441143534445,1.0500250125062531
5130.172864616685,1.0500250125062531
5134.30494036413,1.0550275137568785
5138.440344274278,1.0515257628814407
5142.5790790277815,1.0520260130065033
5146.721147307455,1.0540270135067533
5150.866551798273,1.0530265132566283
5155.0152951873715,1.0540270135067533
5159.167380164053,1.0525262631315657
5163.322809419789,1.0505252626313157
5167.481585648206,1.0510255127563781
5171.643711545113,1.0490245122561281
5175.809189808485,1.0495247623811905
5179.978023138473,1.0505252626313157
5184.1502142374,1.0550275137568785
5188.325765809767,1.0530265132566283
5192.504680562252,1.0530265132566283
5196.686961203716,1.0525262631315657
5200.872610445199,1.0530265132566283
5205.06163099993,1.0530265132566283
5209.254025583308,1.054527263631816
5213.449796912936,1.0540270135067533
5217.6489477086,1.0525262631315657
5221.851480692276,1.0515257628814407
5226.057398588133,1.0510255127563781
5230.266704122533,1.0505252626313157
5234.479400024037,1.0515257628814407
5238.6954890234,1.0510255127563781
5242.914973853579,1.0490245122561281
5247.1378572497315,1.0520260130065033
5251.364141949217,1.0495247623811905
5255.5938306916005,1.048024012006003
5259.826926218655,1.046023011505753
5264.063431274365,1.0440220110055027
5268.303348604911,1.0435217608804401
5272.5466809587,1.0415207603801901
5276.793431086347,1.0400200100050025
5281.043601740684,1.0410205102551275
5285.29719567676,1.0390195097548773
5289.554215651842,1.0380190095047523
5293.814664425418,1.0390195097548773
5298.078544759202,1.0425212606303151
5302.345859417124,1.0450225112556277
5306.616611165351,1.046023011505753
5310.8908027722755,1.0475237618809405
5315.168437008506,1.0485242621310655
5319.4495166469,1.0505252626313157
5323.734044462541,1.0505252626313157
5328.022023232749,1.0515257628814407
5332.31345573708,1.053526763381691
5336.608344757331,1.055527763881941
5340.906693077536,1.053526763381691
5345.208503483974,1.053526763381691
5349.513778765167,1.0510255127563781
5353.822521711885,1.0505252626313157
5358.134735117144,1.0475237618809405
5362.450421776209,1.0485242621310655
5366.769584486603,1.048024012006003
5371.092226048086,1.0490245122561281
5375.418349262689,1.048024012006003
5379.747956934695,1.0420210105052525
5384.081051870646,1.0380190095047523
5388.417636879341,1.0355177588794398
5392.7577147718475,1.0345172586293148
5397.101288361491,1.032016008004002
5401.448360463868,1.031015507753877
5405.798933896839,1.031015507753877
5410.153011480537,1.0305152576288144
5414.510596037369,1.0315157578789396
5418.871690392003,1.0330165082541272
5423.236297371393,1.0335167583791895
5427.604419804771,1.0340170085042522
5431.9760605236415,1.0345172586293148
5436.351222361794,1.0340170085042522
5440.729908155297,1.0340170085042522
5445.112120742508,1.0365182591295647
5449.497862964066,1.0400200100050025
5453.8871376629,1.0430215107553777
5458.27994768423,1.0450225112556277
5462.676295875565,1.046023011505753
5467.07618508671,1.0490245122561281
5471.479618169763,1.0510255127563781
5475.886597979126,1.053526763381691
5480.297127371485,1.0540270135067533
5484.71120920584,1.055527763881941
5489.128846343491,1.0550275137568785
5493.550041648043,1.054527263631816
5497.974797985404,1.0520260130065033
5502.403118223794,1.0500250125062531
5506.835005233741,1.0445222611305653
5511.270461888087,1.0440220110055027
5515.709491061987,1.0390195097548773
5520.152095632916,1.0355177588794398
5524.598278480651,1.0390195097548773
5529.048042487306,1.0430215107553777
5533.501390537309,1.048024012006003
5537.958325517414,1.0570285142571285
5542.418850316698,1.0645322661330665
5546.882967826565,1.071535767883942
5551.350680940747,1.0790395197598799
5555.821992555311,1.0840420210105053
5560.296905568652,1.090545272636318
5564.775422881501,1.090545272636318
5569.257547396927,1.0900450225112557
5573.743282020335,1.0910455227613807
5578.23262965947,1.0910455227613807
5582.725593224427,1.0945472736368185
5587.222175627626,1.0965482741370685
5591.722379783851,1.0990495247623813
5596.226208610227,1.098049024512256
5600.73366502623,1.1005502751375689
5605.2447519536845,1.103551775887944
5609.759472316771,1.103551775887944
5614.2778290420265,1.103551775887944
5618.799825058342,1.1020510255127565
5623.325463296968,1.1005502751375689
5627.854746691519,1.0990495247623813
5632.3876781779745,1.096048024012006
5636.924260694663,1.0935467733866933
5641.464497182297,1.0910455227613807
5646.008390583952,1.0860430215107553
5650.555943845074,1.0855427713856929
5655.10715991348,1.0855427713856929
5659.662041739364,1.0860430215107553
5664.220592275293,1.0880440220110055
5668.782814476215,1.0890445222611305
5673.348711299456,1.088544272136068
5677.918285704726,1.0890445222611305
5682.491540654117,1.0890445222611305
5687.068479112107,1.088544272136068
5691.649104045562,1.0880440220110055
5696.233418423745,1.0900450225112557
5700.821425218292,1.089544772386193
5705.413127403247,1.0890445222611305
5710.008527955049,1.0890445222611305
5714.607629852531,1.0890445222611305
5719.210436076926,1.0880440220110055
5723.816949611869,1.088544272136068
5728.427173443396,1.0860430215107553
5733.04111055995,1.0870435217608805
5737.6587639523805,1.0855427713856929
5742.280136613952,1.0850425212606303
5746.905231540322,1.0845422711355677
5751.534051729579,1.082041020510255
5756.16660018222,1.0805402701350675
5760.802879901157,1.0765382691345673
5765.442893891725,1.072536268134067
5770.086645161677,1.0680340170085043
5774.734136721186,1.0635317658829415
5779.3853715828545,1.0595297648824413
5784.040352761708,1.0570285142571285
5788.6990832752035,1.054527263631816
5793.361566143224,1.0560280140070035
5798.027804388089,1.0575287643821911
5802.69780103455,1.0580290145072537
5807.371559109803,1.0605302651325663
5812.049081643459,1.0600300150075037
5816.730371667595,1.0595297648824413
5821.415432216718,1.0605302651325663
5826.104266327782,1.063031515757879
5830.796877040185,1.0665332666333167
5835.493267395776,1.0690345172586293
5840.193440438851,1.070535267633817
5844.89739921616,1.072536268134067
5849.605146776907,1.074537268634317
5854.31668617275,1.0755377688844423
5859.032020457814,1.0790395197598799
5863.751152688663,1.078039019509755
5868.474085924343,1.0815407703851925
5873.200823226356,1.0830415207603803
5877.931367658672,1.0840420210105053
5882.6657222877275,1.0865432716358179
5887.403890182429,1.0870435217608805
5892.145874414154,1.0855427713856929
5896.891678056756,1.0870435217608805
5901.6413041865635,1.090545272636318
5906.394755882381,1.088544272136068
5911.152036225496,1.089544772386193
5915.9131482996745,1.0910455227613807
5920.678095191175,1.0930465232616309
5925.446879988722,1.0935467733866933
5930.219505783546,1.0940470235117559
5934.995975669362,1.0945472736368185
5939.776292742378,1.0955477738869435
5944.560460101294,1.096048024012006
5949.348480847305,1.096048024012006
5954.140358084106,1.096048024012006
5958.936094917891,1.096048024012006
5963.735694457355,1.097048524262131
5968.539159813699,1.097048524262131
5973.346494100634,1.098049024512256
5978.157700434362,1.0990495247623813
5982.972781933611,1.1000500250125063
5987.7917417196195,1.0990495247623813
5992.614582916133,1.0990495247623813
5997.4413086494205,1.0975487743871937
6002.271922048263,1.0930465232616309
6007.106426243966,1.0910455227613807
6011.944824370354,1.0880440220110055
6016.787119563776,1.0875437718859429
6021.63331496311,1.0845422711355677
6026.483413709759,1.0845422711355677
6031.337418947656,1.0850425212606303
6036.195333823271,1.0830415207603803
6041.057161485608,1.0830415207603803
6045.922905086194,1.0805402701350675
6050.792567779109,1.074537268634317
6055.666152720971,1.066033016508254
6060.543663070937,1.055527763881941
6065.4251019907115,1.053526763381691
6070.310472644544,1.0505252626313157
6075.199778199231,1.0485242621310655
6080.093021824124,1.0455227613806903
6084.990206691124,1.0435217608804401
6089.891335974692,1.03951975987994
6094.7964128518315,1.03951975987994
6099.70544050212,1.0390195097548773
6104.618422107691,1.040520260130065
6109.5353608532405,1.0420210105052525
6114.45625992603,1.0435217608804401
6119.381122515888,1.0445222611305653
6124.309951815213,1.0490245122561281
6129.242751018973,1.0500250125062531
6134.179523324711,1.0540270135067533
6139.1202719325465,1.0520260130065033
6144.065000045172,1.0520260130065033
6149.0137108678655,1.0525262631315657
6153.966407608483,1.053526763381691
6158.92309347747,1.0515257628814407
6163.88377168784,1.0490245122561281
6168.848445455215,1.0485242621310655
6173.8171179978,1.0455227613806903
6178.7897925363895,1.0435217608804401
6183.766472294375,1.0420210105052525
6188.747160497743,1.040520260130065
6193.731860375078,1.0375187593796897
6198.720575157567,1.0375187593796897
6203.713308078997,1.0370185092546274
6208.7100623757615,1.03951975987994
6213.710841286866,1.0410205102551275
6218.715648053906,1.0435217608804401
6223.724485921108,1.047023511755878
6228.737358135304,1.0520260130065033
6233.75426794594,1.0530265132566283
6238.775218605083,1.0560280140070035
6243.800213367416,1.0580290145072537
6248.8292554902455,1.0590295147573787
6253.862348233499,1.0585292646323161
6258.899494859732,1.0580290145072537
6263.940698634128,1.0575287643821911
6268.9859628244985,1.0580290145072537
6274.035290701289,1.0595297648824413
6279.088685537585,1.0570285142571285
6284.146150609087,1.054527263631816
6289.207689194157,1.0530265132566283
6294.273304573788,1.0530265132566283
6299.343000031616,1.0510255127563781
6304.4167788539235,1.0515257628814407
6309.494644329639,1.0515257628814407
6314.57659975034,1.0540270135067533
6319.662648410255,1.053526763381691
6324.752793606266,1.0540270135067533
6329.847038637917,1.054527263631816
6334.945386807389,1.0560280140070035
6340.047841419544,1.0550275137568785
6345.154405781899,1.0505252626313157
6350.265083204635,1.0495247623811905
6355.379877000598,1.0505252626313157
6360.498790485304,1.0495247623811905
6365.621826976938,1.0515257628814407
6370.748989796358,1.053526763381691
6375.880282267097,1.055527763881941
6381.015707715366,1.0595297648824413
6386.155269470054,1.063031515757879
6391.29897086273,1.064032016008004
6396.446815227649,1.069534767383692
6401.598805901748,1.0720360180090045
6406.754946224657,1.0785392696348175
6411.915239538698,1.0815407703851925
6417.079689188867,1.0900450225112557
6422.248298522873,1.0965482741370685
6427.421070891115,1.1030515257628815
6432.598009646694,1.1125562781390694
6437.779118145406,1.121560780390195
6442.964399745753,1.127063531765883
6448.153857808943,1.1400700350175088
6453.347495698889,1.144072036018009
6458.545316782223,1.150575287643822
6463.747324428265,1.151575787893947
6468.953522009071,1.1650825412706354
6474.163912899407,1.1680840420210106
6479.378500476755,1.1695847923961982
6484.597288121319,1.1775887943971985
6489.8202792160255,1.1765882941470736
6495.047477146524,1.1885942971485743
6500.278885301195,1.1930965482741371
6505.514507071143,1.1955977988994497
6510.754345850208,1.1975987993997
6515.99840503496,1.198599299649825
6521.246688024709,1.1935967983991995
6526.4991982215,1.1925962981490745
6531.755939030117,1.1925962981490745
6537.016913858097,1.190095047523762
6542.282126115698,1.1860930465232615
6547.551579215948,1.1830915457728866
6552.825276574613,1.1810905452726363
6558.103221610214,1.1775887943971985
6563.385417744025,1.1800900450225114
6568.671868400074,1.1780890445222612
6573.962577005148,1.1775887943971985
6579.257546988793,1.176088044022011
6584.556781783326,1.174087043521761
6589.860284823806,1.175087543771886
6595.168059548081,1.1725862931465734
6600.480109396761,1.1690845422711356
6605.796437813225,1.1680840420210106
6611.117048243627,1.1660830415207604
6616.441944136899,1.1660830415207604
6621.771128944747,1.1625812906453226
6627.104606121659,1.1645822911455728
6632.4423791249055,1.1660830415207604
6637.784451414542,1.1690845422711356
6643.130826453409,1.1745872936468233
6648.481507707138,1.1755877938969483
6653.836498644152,1.1755877938969483
6659.195802735666,1.1730865432716358
6664.559423455699,1.1735867933966984
6669.927364281048,1.175087543771886
6675.2996286913285,1.176088044022011
6680.676220168954,1.1775887943971985
6686.0571421991435,1.1785892946473235
6691.442398269922,1.1800900450225114
6696.831991872122,1.1820910455227613
6702.225926499391,1.1850925462731365
6707.624205648189,1.1840920460230115
6713.026832817798,1.1820910455227613
6718.433811510301,1.1840920460230115
6723.845145230618,1.183591795897949
6729.260837486489,1.1795897948974488
6734.680891788478,1.1780890445222612
6740.105311649976,1.1755877938969483
6745.534100587204,1.176088044022011
6750.967262119215,1.1785892946473235
6756.404799767897,1.1780890445222612
6761.846717057975,1.175087543771886
6767.293017517011,1.1715857928964482
6772.743704675412,1.1680840420210106
6778.1987820664235,1.167583791895948
6783.658253226141,1.1635817908954478
6789.122121693507,1.1615807903951976
6794.590391010313,1.1585792896448224
6800.063064721212,1.1585792896448224
6805.540146373691,1.1595797898949474
6811.021639518112,1.1570785392696348
6816.507547707696,1.1540770385192596
6821.99787449852,1.151575787893947
6827.492623449527,1.1495747873936968
6832.991798122528,1.1445722861430716
6838.495402082202,1.1395697848924462
6844.0034388960985,1.1340670335167584
6849.515912134648,1.1300650325162582
6855.032825371136,1.1245622811405702
6860.554182181746,1.119559779889945
6866.079986145536,1.1150575287643822
6871.610240844448,1.112056028014007
6877.144949863305,1.105552776388194
6882.684116789821,1.1015507753876939
6888.227745214599,1.0930465232616309
6893.775838731134,1.0870435217608805
6899.328400935814,1.0805402701350675
6904.885435427926,1.0730365182591295
6910.446945809653,1.072536268134067
6916.012935686082,1.0675337668834417
6921.583408665203,1.0675337668834417
6927.158368357912,1.0665332666333167
6932.737818378019,1.067033516758379
6938.321762342227,1.0690345172586293
6943.910203870169,1.0740370185092547
6949.50314658439,1.072536268134067
6955.10059411035,1.0740370185092547
6960.702550076432,1.0740370185092547
6966.309018113938,1.0790395197598799
6971.920001857096,1.0825412706353177
6977.535504943065,1.0860430215107553
6983.155531011934,1.0870435217608805
6988.780083706707,1.0880440220110055
6994.409166673344,1.0915457728864433
7000.042783560731,1.0930465232616309
7005.680938020696,1.0940470235117559
7011.323633708008,1.0940470235117559
7016.970874280378,1.0940470235117559
7022.622663398465,1.0935467733866933
7028.279004725875,1.0920460230115057
7033.939901929166,1.0915457728864433
7039.605358677849,1.0910455227613807
7045.275378644389,1.088544272136068
7050.949965504211,1.0865432716358179
7056.6291229357,1.0850425212606303
7062.312854620203,1.0830415207603803
7068.001164242033,1.07703851925963
7073.694055488476,1.07703851925963
7079.391532049769,1.0760380190095047
7085.09359761914,1.0755377688844423
7090.800255892787,1.07703851925963
7096.511510569883,1.0755377688844423
7102.227365352583,1.0765382691345673
7107.94782394602,1.0815407703851925
7113.672890058316,1.0845422711355677
7119.402567400575,1.0900450225112557
7125.136859686902,1.0930465232616309
7130.875770634369,1.097048524262131
7136.619303963062,1.1020510255127565
7142.36746339606,1.104552276138069
7148.120252659438,1.1075537768884443
7153.877675482274,1.114057028514257
7159.639735596648,1.1250625312656328
7165.406436737647,1.1250625312656328
7171.177782643365,1.1300650325162582
7176.953777054909,1.1310655327663832
7182.734423716398,1.1390695347673836
7188.519726374965,1.1350675337668834
7194.309688780766,1.1335667833916958
7200.1043146869715,1.1310655327663832
7205.90360784978,1.1300650325162582
7211.707572028419,1.1315657828914456
7217.516210985125,1.1340670335167584
7223.329528485185,1.137568784392196
7229.14752829691,1.1420710355177588
7234.9702141916505,1.143071535767884
7240.79758994379,1.1530765382691346
7246.629659330754,1.1565782891445724
7252.466426133013,1.159079539769885
7258.307894134076,1.1585792896448224
7264.154067120515,1.159079539769885
7270.004948881923,1.1530765382691346
7275.860543210971,1.1560780390195098
7281.720853903375,1.1555777888944472
7287.585884757912,1.1510755377688844
7293.455639576414,1.1485742871435718
7299.330122163779,1.1490745372686344
7305.209336327967,1.1495747873936968
7311.093285880009,1.1490745372686344
7316.981974633999,1.1460730365182592
7322.875406407109,1.1425712856428214
7328.773585019584,1.1425712856428214
7334.676514294744,1.1415707853926964
7340.584198058991,1.1370685342671336
7346.496640141807,1.1330665332666334
7352.413844375767,1.1315657828914456
7358.335814596511,1.1305652826413206
7364.262554642789,1.128064032016008
7370.194068356437,1.1250625312656328
7376.130359582386,1.1255627813906954
7382.071432168661,1.1315657828914456
7388.0172899663885,1.1345672836418208
7393.9679368297975,1.136568284142071
7399.923376616221,1.1400700350175088
7405.8836131861035,1.1395697848924462
7411.84865040298,1.143071535767884
7417.818492133519,1.1460730365182592
7423.793142247495,1.1475737868934468
7429.7726046177995,1.1465732866433216
7435.7568831204435,1.1425712856428214
7441.745981634562,1.1370685342671336
7447.73990404241,1.129064532266133
7453.738654229373,1.1220610305152576
7459.742236083966,1.1145572786393196
7465.750653497835,1.1095547773886942
7471.763910365758,1.1050525262631314
7477.782010585655,1.1025512756378189
7483.804958058583,1.1020510255127565
7489.83275668874,1.1025512756378189
7495.8654103834715,1.0995497748874437
7501.902923053273,1.0995497748874437
7507.945298611773,1.103551775887944
7513.992540975771,1.1020510255127565
7520.044654065214,1.098049024512256
7526.101641803207,1.0950475237618809
7532.163508116016,1.0950475237618809
7538.230256933067,1.0935467733866933
7544.301892186952,1.0880440220110055
7550.378417813431,1.088544272136068
7556.459837751442,1.0815407703851925
7562.546155943071,1.0835417708854427
7568.637376333604,1.0840420210105053
7574.733502871494,1.0850425212606303
7580.834539508379,1.0840420210105053
7586.940490199076,1.0855427713856929
7593.051358901588,1.0845422711355677
7599.167149577107,1.0880440220110055
7605.287866190016,1.090545272636318
7611.413512707889,1.0950475237618809
7617.544093101496,1.0955477738869435
7623.679611344809,1.096048024012006
7629.820071414995,1.104552276138069
7635.965477292429,1.1085542771385692
7642.11583296069,1.1100550275137568
7648.271142406572,1.113056528264132
7654.431409620061,1.1175587793896948
7660.596638594375,1.121560780390195
7666.7668333259435,1.1265632816408204
7672.941997814416,1.127063531765883
7679.1221360626605,1.1295647823911956
7685.307252076771,1.1350675337668834
7691.497349866068,1.1345672836418208
7697.6924334431,1.1335667833916958
7703.892506823657,1.136568284142071
7710.097574026739,1.1385692846423212
7716.307639074606,1.1395697848924462
7722.522705992752,1.1415707853926964
7728.742778809911,1.143071535767884
7734.967861558063,1.1400700350175088
7741.197958272436,1.144072036018009
7747.433072991507,1.1470735367683842
7753.6732097570075,1.1465732866433216
7759.918372613922,1.1480740370185092
7766.168565610495,1.1460730365182592
7772.42379279823,1.1510755377688844
7778.6840582318955,1.1555777888944472
7784.949365969525,1.1510755377688844
7791.219720072421,1.1500750375187594
7797.495124605164,1.1500750375187594
7803.7755836355855,1.151575787893947
7810.061101234817,1.152576288144072
7816.351681477261,1.1510755377688844
7822.647328440601,1.1480740370185092
7828.948046205807,1.152576288144072
7835.253838857135,1.1465732866433216
7841.564710482128,1.1485742871435718
7847.880665171625,1.1495747873936968
7854.201707019759,1.1500750375187594
7860.527840123967,1.1545772886443222
7866.859068584964,1.161080540270135
7873.195396506791,1.1630815407703852
7879.536827996788,1.1660830415207604
7885.8833671656,1.1705852926463232
7892.235018127187,1.16008004002001
7898.591784998819,1.168584292146073
7904.953671901085,1.161080540270135
7911.320682957891,1.1635817908954478
7917.692822296466,1.1655827913956978
7924.0700940473625,1.167583791895948
7930.452502344459,1.168584292146073
7936.840051324966,1.1730865432716358
7943.232745129424,1.1770885442721362
7949.63058790171,1.1765882941470736
7956.033583789045,1.1765882941470736
7962.441736941969,1.1785892946473235
7968.855051514386,1.1805902951475737
7975.27353166354,1.1755877938969483
7981.697181550023,1.175087543771886
7988.126005337776,1.176088044022011
7994.560007194098,1.1700850425212606
8000.99919128964,1.1705852926463232
8007.443561798416,1.1690845422711356
8013.893122897808,1.1720860430215108
8020.347878768539,1.176088044022011
8026.807833594722,1.175087543771886
8033.272991563835,1.1795897948974488
8039.743356866726,1.1800900450225114
8046.21893369762,1.182591295647824
8052.699726254121,1.1860930465232615
8059.185738737211,1.1815907953976987
8065.676975351259,1.1770885442721362
8072.173440304018,1.1810905452726363
8078.675137806631,1.1810905452726363
8085.182072073634,1.1790895447723861
8091.694247322956,1.1800900450225114
8098.211667775921,1.1800900450225114
8104.734337657261,1.1830915457728866
8111.262261195109,1.1840920460230115
8117.795442620987,1.1780890445222612
8124.333886169844,1.1805902951475737
8130.877596080037,1.184592296148074
8137.426576593331,1.1810905452726363
8143.980831954914,1.1805902951475737
8150.540366413388,1.1745872936468233
8157.10518422078,1.176088044022011
8163.67528963254,1.1660830415207604
8170.250686907553,1.166583291645823
8176.831380308115,1.1630815407703852
8183.417374099972,1.1655827913956978
8190.008672552304,1.16008004002001
8196.605279937727,1.145072536268134
8203.207200532295,1.1405702851425712
8209.814438615515,1.1335667833916958
8216.42699847033,1.1230615307653826
8223.044884383142,1.1240620310155078
8229.6681006438,1.1175587793896948
8236.296651545608,1.1165582791395698
8242.930541385334,1.1135567783891946
8249.569774463202,1.1090545272636319
8256.214355082897,1.1050525262631314
8262.864287551576,1.0990495247623813
8269.51957617986,1.0965482741370685
8276.18022528186,1.0930465232616309
8282.846239175122,1.0920460230115057
8289.517622180707,1.0915457728864433
8296.194378623142,1.0875437718859429
8302.876512830439,1.088544272136068
8309.564029134095,1.0900450225112557
8316.256931869098,1.0865432716358179
8322.955225373924,1.0840420210105053
8329.658913990548,1.0840420210105053
8336.368002064446,1.08104052026013
8343.082493944572,1.0790395197598799
8349.802393983407,1.078039019509755
8356.527706536928,1.0755377688844423
8363.258435964623,1.0755377688844423
8369.99458662949,1.0760380190095047
8376.73616289804,1.0760380190095047
8383.483169140303,1.0755377688844423
8390.235609729829,1.0765382691345673
8396.993489043689,1.0785392696348175
8403.756811462481,1.08104052026013
8410.525581370328,1.0825412706353177
8417.299803154889,1.0855427713856929
8424.079481207355,1.0860430215107553
8430.864619922451,1.0860430215107553
8437.655223698455,1.0855427713856929
8444.45129693716,1.0875437718859429
8451.25284404393,1.0900450225112557
8458.059869427665,1.0925462731365683
8464.872377500826,1.0945472736368185
8471.690372679415,1.0955477738869435
8478.513859383003,1.096048024012006
8485.342842034712,1.0940470235117559
8492.177325061231,1.097048524262131
8499.017312892822,1.0945472736368185
8505.86280996329,1.0920460230115057
8512.713820710034,1.096048024012006
8519.570349574024,1.0950475237618809
8526.432400999802,1.0950475237618809
8533.299979435491,1.0950475237618809
8540.1730893328,1.096048024012006
8547.051735147019,1.0935467733866933
8553.93592133703,1.0930465232616309
8560.825652365304,1.0925462731365683
8567.720932697908,1.090545272636318
8574.621766804505,1.089544772386193
8581.528159158357,1.089544772386193
8588.440114236331,1.090545272636318
8595.357636518902,1.088544272136068
8602.280730490158,1.089544772386193
8609.209400637774,1.0890445222611305
8616.143651453065,1.0910455227613807
8623.083487430957,1.0890445222611305
8630.028913069997,1.0920460230115057
8636.97993287235,1.0930465232616309
8643.936551343813,1.0935467733866933
8650.89877299381,1.0945472736368185
8657.8666023354,1.0940470235117559
8664.840043885277,1.0945472736368185
8671.819102163756,1.0945472736368185
8678.803781694816,1.096048024012006
8685.79408700607,1.0950475237618809
8692.790022628778,1.0945472736368185
8699.79159309785,1.0940470235117559
8706.798802951851,1.0945472736368185
8713.811656732998,1.0955477738869435
8720.830158987168,1.0930465232616309
8727.8543142639,1.0930465232616309
8734.884127116395,1.0925462731365683
8741.919602101525,1.0940470235117559
8748.960743779831,1.0920460230115057
8756.007556715524,1.0915457728864433
8763.060045476495,1.0880440220110055
8770.118214634316,1.0875437718859429
8777.182068764243,1.0855427713856929
8784.251612445198,1.0855427713856929
8791.326850259811,1.0840420210105053
8798.407786794402,1.0850425212606303
8805.494426638976,1.0840420210105053
8812.586774387242,1.0830415207603803
8819.684834636608,1.082041020510255
8826.788611988179,1.0785392696348175
8833.898111046774,1.0765382691345673
8841.013336420927,1.0765382691345673
8848.134292722854,1.072536268134067
8855.260984568517,1.071535767883942
8862.393416577583,1.0685342671335667
8869.531593373442,1.067033516758379
8876.675519583212,1.0635317658829415
8883.825199837729,1.0600300150075037
8890.980638771567,1.0585292646323161
8898.141841023027,1.0560280140070035
8905.30881123415,1.0540270135067533
8912.481554050715,1.053526763381691
8919.660074122241,1.0565282641320661
8926.844376101993,1.053526763381691
8934.034464646986,1.054527263631816
8941.230344417982,1.053526763381691
8948.43202007951,1.0540270135067533
8955.639496299826,1.0520260130065033
8962.852777750973,1.0485242621310655
8970.071869108753,1.0485242621310655
8977.296775052728,1.0485242621310655
8984.527500266231,1.0510255127563781
8991.76404943637,1.0585292646323161
8999.006427254024,1.0605302651325663
9006.254638413851,1.0655327663831915
9013.508687614303,1.0665332666333167
9020.768579557587,1.067033516758379
9028.034318949722,1.0700350175087543
9035.305910500512,1.0685342671335667
9042.583358923552,1.0720360180090045
9049.866668936236,1.072536268134067
9057.155845259755,1.0755377688844423
9064.450892619105,1.0775387693846923
9071.751815743086,1.074537268634317
9079.058619364308,1.0740370185092547
9086.371308219193,1.0755377688844423
9093.689887047974,1.0775387693846923
9101.01436059471,1.07703851925963
9108.344733607271,1.0710355177588795
9115.681010837361,1.070535267633817
9123.023197040515,1.0740370185092547
9130.371296976069,1.0750375187593797
9137.725315407224,1.0750375187593797
9145.08525710101,1.0765382691345673
9152.451126828288,1.0755377688844423
9159.82292936377,1.0775387693846923
9167.200669486012,1.0775387693846923
9174.584351977417,1.0795397698849425
9181.97398162424,1.08104052026013
9189.369563216593,1.0840420210105053
9196.771101548453,1.0865432716358179
9204.178601417632,1.0915457728864433
9211.592067625836,1.096048024012006
9219.011504978624,1.1000500250125063
9226.43691828543,1.0990495247623813
9233.868312359562,1.0990495247623813
9241.3056920182,1.1030515257628815
9248.749062082412,1.1040520260130064
9256.198427377141,1.104552276138069
9263.653792731222,1.1090545272636319
9271.115162977376,1.1090545272636319
9278.582542952217,1.1075537768884443
9286.055937496256,1.1105552776388194
9293.535351453902,1.1100550275137568
9301.020789673466,1.1090545272636319
9308.512257007173,1.1050525262631314
9316.009758311127,1.104552276138069
9323.513298445376,1.098049024512256
9331.022882273868,1.0965482741370685
9338.53851466447,1.0955477738869435
9346.060200488972,1.0945472736368185
9353.587944623085,1.0950475237618809
9361.12175194645,1.0950475237618809
9368.661627342635,1.0955477738869435
9376.207575699154,1.0940470235117559
9383.759601907428,1.0925462731365683
9391.317710862846,1.0925462731365683
9398.881907464729,1.088544272136068
9406.452196616348,1.0900450225112557
9414.028583224921,1.0845422711355677
9421.611072201618,1.0785392696348175
9429.199668461564,1.0755377688844423
9436.794376923845,1.0740370185092547
9444.395202511509,1.071535767883942
9452.002150151568,1.0680340170085043
9459.615224775001,1.0645322661330665
9467.234431316763,1.0625312656328163
9474.859774715782,1.0610305152576287
9482.49125991496,1.0615307653826913
9490.128891861195,1.0610305152576287
9497.77267550534,1.0600300150075037
9505.422615802261,1.063031515757879
9513.07871771081,1.0635317658829415
9520.74098619383,1.0625312656328163
9528.40942621816,1.0605302651325663
9536.084042754645,1.0590295147573787
9543.764840778125,1.0575287643821911
9551.451825267457,1.0590295147573787
9559.145001205512,1.0560280140070035
9566.844373579146,1.0540270135067533
9574.549947379262,1.054527263631816
9582.26172760077,1.0525262631315657
9589.979719242609,1.0495247623811905
9597.703927307737,1.0465232616308153
9605.434356803147,1.0445222611305653
9613.171012739866,1.0435217608804401
9620.913900132951,1.0450225112556277
9628.663024001502,1.0450225112556277
9636.418389368664,1.0440220110055027
9644.180001261624,1.0430215107553777
9651.94786471162,1.0450225112556277
9659.721984753938,1.047023511755878
9667.502366427929,1.0475237618809405
9675.289014776996,1.048024012006003
9683.081934848613,1.0495247623811905
9690.881131694292,1.0505252626313157
9698.686610369648,1.0500250125062531
9706.49837593435,1.0505252626313157
9714.316433452148,1.0500250125062531
9722.140787990867,1.0515257628814407
9729.971444622417,1.0520260130065033
9737.80840842279,1.0520260130065033
9745.65168447207,1.0530265132566283
9753.50127785444,1.0525262631315657
9761.357193658148,1.054527263631816
9769.219436975574,1.0510255127563781
9777.088012903183,1.0565282641320661
9784.962926541551,1.0590295147573787
9792.84418299536,1.0605302651325663
9800.731787373405,1.063031515757879
9808.62574478859,1.066033016508254
9816.526060357943,1.0655327663831915
9824.432739202615,1.0650325162581291
9832.345786447875,1.0645322661330665
9840.265207223127,1.066033016508254
9848.191006661902,1.066033016508254
9856.123189901868,1.0650325162581291
9864.06176208483,1.0635317658829415
9872.006728356742,1.0650325162581291
9879.95809386768,1.0645322661330665
9887.915863771892,1.0655327663831915
9895.880043227768,1.0650325162581291
9903.850637397854,1.0675337668834417
9911.827651448855,1.066033016508254
9919.811090551639,1.064032016008004
9927.80095988123,1.064032016008004
9935.797264616833,1.063031515757879
9943.800009941824,1.0635317658829415
9951.80920104373,1.0635317658829415
9959.824843114284,1.0615307653826913
9967.846941349391,1.0605302651325663
9975.875500949141,1.0605302651325663
9983.910527117814,1.0590295147573787
9991.952025063878,1.0585292646323161
10000.0,1.0575287643821911
