log Ni_mass,log Peak_Flux_(erg/s),log Peak_Flux_(erg/s)_lower_limit,log Peak_Flux_(erg/s)_upper_limit
-inf,,,
-2.853437452547744,40.394100704664815,40.34834321410414,40.50804405697165
-2.552407456883763,40.705419760035014,40.65966226947434,40.81936311234185
-2.376316197828082,40.887529733186504,40.84177224262583,41.00147308549334
-2.251377461219782,41.016738815405205,40.97098132484453,41.13068216771204
-2.1544674482117254,41.116961165802664,41.07120367524199,41.2309045181095
-2.0752862021641008,41.1988487885567,41.15309129799603,41.312792140863536
-2.0083394125334877,41.268083787088656,41.22232629652798,41.38202713939549
-1.9503474655558006,41.328057870775396,41.28230038021472,41.44200122308223
-1.8991949431084194,41.3809587617082,41.335201271147525,41.494902114015034
-1.8534374525477444,41.428280221172855,41.38252273061218,41.54222357347969
-1.8120447673895193,41.47108768829676,41.42533019773609,41.585031040603596
-1.7742562065001195,41.510167843926894,41.46441035336622,41.62411119623373
-1.7394941002409077,41.546118102170844,41.50036061161017,41.66006145447768
-1.7073094168695062,41.57940284245885,41.53364535189817,41.69334619476568
-1.677346193492063,41.61039019432435,41.56463270376368,41.724333546631186
-1.6493174698918196,41.63937692614559,41.59361943558491,41.75332027845242
-1.6229885311694703,41.66660577526364,41.620848284702966,41.780549127570474
-1.5981649474444382,41.69227781707839,41.64652032651772,41.806221169385225
-1.5746838515949153,41.71656148543113,41.670803994870454,41.83050483773796
-1.5524074568837631,41.73959927654305,41.69384178598238,41.85354262884989
-1.531218157813825,41.761512815610345,41.71575532504967,41.87545616791718
-1.511014771725538,41.782406743666954,41.73664925310628,41.89635009597379
-1.4917096165301513,41.80237173973303,41.75661424917236,41.916315092039866
-1.4732262108361383,41.821486899297085,41.77572940873641,41.93543025160392
-1.4554974438757067,41.83982162694051,41.79406413637984,41.953764979247346
-1.4384641045769264,41.85743715754104,41.81167966698037,41.971380509847876
-1.422073688388757,41.87438779022989,41.828630299669214,41.98833114253672
-1.4062794212055252,41.89072189782904,41.844964407268364,42.00466525013587
-1.3910394546487883,41.90648275907429,41.86072526851361,42.02042611138112
-1.3763161978280818,41.921709249694544,41.87595175913387,42.03565260200138
-1.3620757587134715,41.93643642013296,41.89067892957228,42.05037977243979
-1.3482874742278383,41.950695981515786,41.90493849095511,42.06463933382262
-1.3349235126698569,41.96451671681845,41.91875922625778,42.078460069125285
-1.3219585355054893,41.97792483063383,41.93216734007316,42.091868182940665
-1.3093694081974687,41.9909442482265,41.94518675766582,42.10488760053333
-1.2971349517804571,42.00359687244858,41.95783938188791,42.117540224755416
-1.2852357284807494,42.015902805447496,41.97014531488682,42.12984615775433
-1.273653855930934,42.02788054080132,41.982123050240645,42.14182389310815
-1.262372845521245,42.03954713069254,41.993789640131865,42.15349048299937
-1.2513774612197819,42.050918331913245,42.00516084135257,42.16486168422008
-1.240653595828009,42.06200873383921,42.01625124327853,42.17595208614604
-1.2301881621498438,42.07283187098054,42.02707438041986,42.18677522328737
-1.2199689969681577,42.08340032228725,42.03764283172657,42.19734367459408
-1.209984776061557,42.093725799037145,42.04796830847647,42.20766915134398
-1.2002249387724007,42.10381922284604,42.05806173228537,42.217762575152875
-1.1906796208661703,42.113690795103224,42.06793330454255,42.22763414741006
-1.1813395946120269,42.123350058938904,42.07759256837823,42.23729341124574
-1.1721962151721572,42.13280595466728,42.08704846410661,42.24674930697412
-1.1632413725192305,42.14206686951249,42.096309378951815,42.256010221819324
-1.1544674482117256,42.151140682310704,42.10538319175003,42.26508403461754
-1.145867276449808,42.16003480378533,42.114277313224655,42.27397815609216
-1.1374341089129452,42.168756212911234,42.12299872235056,42.28269956521807
-1.1291615829469552,42.17731148981504,42.131553999254365,42.29125484212187
-1.1210436927247758,42.18570684560008,42.139949355039406,42.299650197906914
-1.1130747630535005,42.193948149434604,42.14819065887393,42.30789150174144
-1.105249425541544,42.20204095319924,42.15628346263856,42.31598430550607
-1.097562596875253,42.20999051395282,42.16423302339214,42.32393386625965
-1.090009458984807,42.21780181444448,42.1720443238838,42.33174516675131
-1.0825854409056002,42.22547958187218,42.179722091311504,42.33942293417901
-1.0752862021641008,42.23302830506474,42.18727081450407,42.346971657371576
-1.0681076175369772,42.24045225024363,42.19469475968295,42.35439560255046
-1.0610457630494905,42.24775547550315,42.20199798494247,42.36169882780998
-1.0540969030941625,42.254941844132034,42.20918435357136,42.36888519643887
-1.047257478563857,42.26201503688598,42.2162575463253,42.37595838919281
-1.0405240959048887,42.26897856330869,42.22322107274802,42.382921915615526
-1.0338935170058756,42.27583577218864,42.23007828162797,42.389779124495476
-1.027362649846918,42.282589861229475,42.2368323706688,42.39653321353631
-1.020928539841508,42.28924388600403,42.243486395443355,42.40318723831086
-1.014588361810489,42.29580076825472,42.25004327769405,42.409744120561555
-1.0083394125334875,42.302263303596696,42.25650581303602,42.41620665590353
-1.0021791038286691,42.30863416867458,42.262876678113905,42.42257752098141
-0.9961049561164759,42.314915927818774,42.2691584372581,42.42885928012561
-0.9901145924272884,42.32111103924257,42.27535354868189,42.4350543915494
-0.9842057328167682,42.32722186081769,42.28146437025701,42.44116521312452
-0.9783761891560443,42.3332506554622,42.28749316490153,42.447194007769035
-0.9726238602669529,42.33919959617152,42.29344210561084,42.45314294847835
-0.9669467273752624,42.345070770720596,42.29931328015992,42.45901412302743
-0.9613428498572639,42.35086618606273,42.30510869550206,42.464809538369565
-0.9558103612573029,42.35658777244812,42.31083028188745,42.470531124754956
-0.9503474655558007,42.362237387283436,42.31647989672276,42.47618073959027
-0.9449524336690945,42.36781681875158,42.3220593281909,42.48176017105841
-0.9396236001640277,42.3733277892094,42.32757029864872,42.48727114151623
-0.9343593601716704,42.378771958379474,42.3330144678188,42.49271531068631
-0.9291581664858627,42.38415092635073,42.33839343579005,42.49809427865756
-0.9240185268334515,42.38946623640149,42.343708745840814,42.50340958870832
-0.9189390013041766,42.394719377657445,42.34896188709677,42.50866272996428
-0.9139181999291258,42.399911787595975,42.3541542970353,42.51385513990281
-0.9089547803975757,42.40504485440734,42.35928736384667,42.51898820671418
-0.9040474459028315,42.41011991922246,42.364362428661785,42.52406327152929
-0.8991949431084194,42.41513827821624,42.369380787655565,42.52908163052307
-0.8943960602266507,42.420101184594685,42.37434369403401,42.53404453690152
-0.889649625202189,42.425009850473415,42.37925235991274,42.53895320278025
-0.8849545039938093,42.429865448654645,42.38410795809397,42.54380880096148
-0.8803095989480456,42.4346691143091,42.38891162374843,42.548612466615936
-0.8757138472588966,42.43942194656898,42.3936644560083,42.55336529887581
-0.871166219508176,42.444125010037475,42.3983675194768,42.55806836234431
-0.8666657182814995,42.44877933622012,42.403021845659445,42.562722688526954
-0.8622113768552494,42.45338592488268,42.40762843432201,42.567329277189515
-0.8578022579501944,42.45794574534014,42.412188254779466,42.571889097646974
-0.8534374525477444,42.462459737680895,42.41670224712022,42.57640308998773
-0.8491160787651018,42.46692881393008,42.42117132336941,42.580872166236915
-0.8448372807858268,42.47135385915552,42.425596368594846,42.585297211462354
-0.840600227842572,42.475735732519794,42.42997824195912,42.58967908482663
-0.836404113248964,42.480075268281425,42.43431777772075,42.59401862058826
-0.8322481534778062,42.48437327674819,42.43861578618751,42.59831662905502
-0.8281315872829741,42.48863054518524,42.44287305462456,42.60257389749207
-0.8240536748625347,42.49284783868057,42.44709034811989,42.6067911909874
-0.8200136970607946,42.49702590097027,42.4512684104096,42.610969253277105
-0.8160109546071207,42.501165455225724,42.45540796466505,42.61510880753256
-0.8120447673895193,42.5052672048048,42.45950971424413,42.619210557111636
-0.8081144737610868,42.509331833969185,42.46357434340851,42.62327518627602
-0.8042194298775627,42.51336000856943,42.46760251800875,42.62730336087626
-0.8003590090643246,42.51735237669958,42.4715948861389,42.63129572900641
-0.7965326012112717,42.521309569323016,42.47555207876234,42.63525292162985
-0.7927396121941327,42.525232200870875,42.4794747103102,42.63917555317771
-0.7889794633208258,42.52912086981467,42.483363379253994,42.6430642221215
-0.7852515908015827,42.53297615921423,42.487218668653554,42.64691951152106
-0.7815554452416189,42.53679863724237,42.491041146681695,42.6507419895492
-0.7778904911552136,42.540588857687474,42.4948313671268,42.65453220999431
-0.7742562065001195,42.544347360434934,42.49858986987426,42.65829071274177
-0.7706520822312942,42.5480746719287,42.50231718136803,42.662018024235536
-0.7670776218729961,42.551771305613826,42.50601381505315,42.66571465792066
-0.7635323411083464,42.555437762360896,42.50968027180022,42.66938111466773
-0.7600157673855092,42.559074530873346,42.51331704031267,42.67301788318018
-0.7565274395396879,42.562682088078354,42.51692459751768,42.67662544038519
-0.7530669074301813,42.566260899502225,42.52050340894155,42.68020425180906
-0.7496337315917875,42.56981141963087,42.52405392907019,42.6837547719377
-0.746227482899876,42.57333409225617,42.52757660169549,42.687277444563
-0.7428477422484954,42.576829350808936,42.53107186024826,42.69077270311577
-0.7394941002409076,42.580297618678884,42.53454012811821,42.69424097098572
-0.7361661568919801,42.58373930952245,42.537981818961775,42.69768266182928
-0.7328635213418945,42.587154827558834,42.54139733699816,42.70109817986567
-0.7295858115806585,42.59054456785496,42.54478707729429,42.704487920161796
-0.7263326541829367,42.593908916599666,42.54815142603899,42.7078522689065
-0.7231036840527382,42.59724825136773,42.551490760807056,42.711191603674564
-0.7198985441775267,42.60056294137422,42.55480545081355,42.714506293681055
-0.7167168853913375,42.603853347719415,42.55809585715874,42.71779670002625
-0.7135583661465078,42.60711982362491,42.56136233306424,42.72106317593175
-0.7104226522936492,42.61036271466117,42.5646052241005,42.724306066968005
-0.7073094168695063,42.61358235896689,42.56782486840621,42.72752571127372
-0.7042183398923644,42.6167790874606,42.571021596899925,42.73072243976743
-0.7011491081646879,42.61995322404478,42.5741957334841,42.73389657635161
-0.6981014150826825,42.62310508580279,42.57734759524212,42.737048438109625
-0.6950749604524946,42.62623498318897,42.5804774926283,42.740178335495806
-0.6920694503127695,42.629343220212135,42.58358572965146,42.74328657251897
-0.6890845967633072,42.632430094612765,42.58667260405209,42.7463734469196
-0.6861201177995682,42.63549589803418,42.589738407473504,42.74943925034101
-0.6831757371527869,42.638540916187885,42.59278342562721,42.75248426849472
-0.6802511841354703,42.64156542901333,42.59580793845266,42.75550878132017
-0.677346193492063,42.64456971083239,42.59881222027172,42.758513063139226
-0.6744605052545749,42.64755403049863,42.60179653993796,42.761497382805466
-0.6715938646029718,42.65051865154171,42.604761160981035,42.76446200384854
-0.6687460217301455,42.65346383230702,42.60770634174634,42.76740718461385
-0.6659167317112813,42.65638982609079,42.61063233553011,42.77033317839762
-0.6631057543774528,42.659296881270805,42.61353939071013,42.77324023357764
-0.6603128541932827,42.66218524143292,42.61642775087225,42.776128593739756
-0.6575378001385106,42.665055145493575,42.6192976549329,42.77899849780041
-0.6547803655933216,42.66790682781832,42.622149337257646,42.781850180125154
-0.6520403282272929,42.67074051833673,42.624983027776054,42.78468387064356
-0.6493174698918195,42.673556442653634,42.62779895209296,42.78749979496047
-0.6466115765158946,42.67635482215687,42.63059733159619,42.7902981744637
-0.6439224380051134,42.67913587412177,42.633378383561094,42.7930792264286
-0.6412498481437865,42.68189981181238,42.636142321251704,42.79584316411921
-0.6385936045000464,42.68464684457959,42.638889354018914,42.79859019688642
-0.635953508333838,42.6873771779563,42.641619687395625,42.80132053026313
-0.6333293645076892,42.69009101374967,42.644333523189,42.804034366056506
-0.630720981400161,42.69278855013068,42.647031059570004,42.80673190243751
-0.6281281708218814,42.695469981720926,42.64971249116025,42.80941333402776
-0.6255507479340707,42.69813549967688,42.652378009116205,42.81207885198371
-0.6229885311694704,42.70078529177168,42.655027801211006,42.814728644078514
-0.6204413421555904,42.703419542474506,42.65766205191383,42.81736289478134
-0.6179090056401955,42.706038433027636,42.66028094246696,42.81998178533447
-0.6153913494189489,42.70864214152126,42.662884650960585,42.82258549382809
-0.6128882042651446,42.71123084296617,42.66547335240549,42.825174195273
-0.6103994038614499,42.71380470936435,42.66804721880367,42.82774806167118
-0.6079247847335945,42.716363909777535,42.67060641921686,42.83030726208437
-0.6054641861859377,42.71890861039387,42.67315111983319,42.8328519627007
-0.6030174502388503,42.72143897459265,42.675681484031976,42.835382326899484
-0.6005844215678511,42.723955163007275,42.6781976724466,42.83789851531411
-0.5981649474444383,42.72645733358643,42.68069984302576,42.840400685893265
-0.5957588776785598,42.72894564165359,42.683188151092914,42.84288899396042
-0.5933660645626695,42.731420239964876,42.6856627494042,42.84536359227171
-0.5909863628173149,42.733881278765324,42.68812378820465,42.84782463107216
-0.5886196295382078,42.736328905843614,42.69057141528294,42.85027225815045
-0.5862657241447305,42.738763266585345,42.69300577602467,42.85270661889218
-0.583924508329828,42.741184504024844,42.69542701346417,42.85512785633168
-0.5815958460112454,42.74359275889558,42.697835268334906,42.857536111202414
-0.5792796032840645,42.74598816967929,42.70023067911862,42.85993152198613
-0.5769756483745002,42.74837087265372,42.70261338209305,42.862314224960556
-0.5746838515949153,42.75074100193917,42.704983511378494,42.864684354246
-0.5724040853000167,42.753098689543776,42.7073411989831,42.86704204185061
-0.5701362238441947,42.755444065407666,42.70968657484699,42.8693874177145
-0.5678801435399705,42.757777257445895,42.71201976688522,42.87172060975273
-0.5656357226175183,42.76009839159032,42.714340901029644,42.87404174389715
-0.5634028411852263,42.76240759183038,42.71665010126971,42.876350944137215
-0.5611813811912683,42.76470498025288,42.718947489692205,42.87864833255971
-0.5589712263861514,42.76699067708064,42.72123318651997,42.880934029387475
-0.5567722622862131,42.76926480071033,42.72350731014966,42.883208153017165
-0.5545843761380377,42.77152746774923,42.725769977188556,42.885470820056064
-0.5524074568837631,42.77377879305109,42.72802130249042,42.88772214535793
-0.5502413951272555,42.776018889751164,42.73026139919049,42.889962242058
-0.5480860831011206,42.77824786930027,42.7324903787396,42.892191221607106
-0.5459414146345314,42.78046584149812,42.734708350937446,42.894409193804954
-0.5438072851218455,42.78267291452572,42.736915423965044,42.89661626683255
-0.5416835914919901,42.784869194977055,42.73911170441638,42.89881254728389
-0.5395702321785909,42.78705478788999,42.74129729732932,42.900998140196826
-0.5374671070908266,42.78922979677641,42.743472306215736,42.903173149083244
-0.5353741175849828,42.79139432365162,42.74563683309095,42.90533767595846
-0.5332911664366903,42.79354846906307,42.747790978502394,42.9074918213699
-0.5312181578138251,42.795692332118385,42.74993484155771,42.90963568442522
-0.5291549972500517,42.79782601051271,42.75206851995203,42.91176936281954
-0.5271015916189928,42.79994960055543,42.754192109994754,42.91389295286226
-0.5250578491090067,42.802063197196276,42.7563057066356,42.91600654950311
-0.5230236791985534,42.80416689405076,42.758409403490084,42.91811024635759
-0.520998992632139,42.806260783425095,42.76050329286442,42.92020413573193
-0.5189837013968135,42.80834495634047,42.762587465779795,42.9222883086473
-0.5169777186992148,42.81041950255679,42.764662011996116,42.924362854863624
-0.5149809589431394,42.812484510595915,42.76672702003524,42.92642786290275
-0.512993337707626,42.814540067764256,42.76878257720358,42.92848342007109
-0.5110147717255381,42.816586260174994,42.77082876961432,42.93052961248183
-0.5090451788626337,42.81862317276967,42.772865682208995,42.9325665250765
-0.5070844780971057,42.82065088933938,42.77489339877871,42.93459424164622
-0.5051325894995836,42.822669492545444,42.77691200198477,42.93661284485228
-0.5031894342135815,42.82467906393962,42.778921573378945,42.93862241624645
-0.5012549344363818,42.82667968398389,42.780922193423216,42.940623036290724
-0.4993290134003434,42.828671432069775,42.7829139415091,42.94261478437661
-0.4974115953546216,42.83065438653724,42.784896895976566,42.944597738844074
-0.4955026055472905,42.83262862469321,42.78687113413253,42.94657197700004
-0.49360197020785634,42.8345942228296,42.788836732268926,42.948537575136434
-0.4917096165301515,42.83655125624107,42.7907937656804,42.950494608547906
-0.4898254726556,42.838499799242285,42.79274230868161,42.95244315154912
-0.48794946765684466,42.84043992518487,42.79468243462419,42.9543832774917
-0.4860815315217253,42.842371706473955,42.79661421591328,42.95631505878079
-0.4842215951376015,42.84429521458442,42.798537724023745,42.958238566891254
-0.48236959027600806,42.84621052007675,42.80045302951608,42.960153872383586
-0.4805254495776377,42.84811769261257,42.802360202051894,42.9620610449194
-0.47868910653764046,42.85001680096981,42.80425931040914,42.963960153276645
-0.4768604954912324,42.85190791305767,42.806150422497,42.965851265364506
-0.4750395515996066,42.8537910959311,42.808033605370426,42.967734448237934
-0.4732262108361383,42.855666415805125,42.80990892524445,42.96960976811196
-0.471420409972876,42.857533938068805,42.81177644750813,42.97147729037564
-0.469622086567313,42.859393727298894,42.81363623673822,42.97333707960573
-0.46783117894943216,42.86124584727327,42.81548835671259,42.9751891995801
-0.46604762620901485,42.86309036098402,42.81733287042334,42.97703371329085
-0.46427136818321185,42.86492733065034,42.819169840089664,42.97887068295717
-0.4625023454443652,42.86675681773109,42.82099932717041,42.98070017003792
-0.4607404992880786,42.86857888293716,42.82282139237648,42.98252223524399
-0.45898577172152805,42.87039358624354,42.82463609568286,42.98433693855037
-0.457238105452008,42.87220098690117,42.826443496340495,42.986144339208
-0.4554974438757067,42.87400114344855,42.82824365288788,42.987944495755386
-0.4537637310667062,42.875794113723124,42.83003662316245,42.98973746602996
-0.4520369117662002,42.877579954872424,42.83182246431175,42.99152330717926
-0.4503169313719264,42.87935872336497,42.8336012328043,42.99330207567181
-0.4486037359278063,42.88113047500106,42.83537298444038,42.99507382730789
-0.4468972721137891,42.88289526492318,42.8371377743625,42.99683861723001
-0.44519748723589475,42.884653147626366,42.83889565706569,42.9985964999332
-0.4435043292164498,42.886404176968284,42.84064668640761,43.00034752927512
-0.4418177465845141,42.888148406179134,42.84239091561846,43.00209175848597
-0.4401376884664925,42.88988588787134,42.84412839731066,43.00382924017817
-0.43846410457692636,42.89161667404908,42.84585918348841,43.005560026355916
-0.4367969452094633,42.893340816117664,42.84758332555699,43.0072841684245
-0.43513616122799886,42.89505836489264,42.849300874331966,43.009001717199475
-0.4334817040579864,42.89676937060881,42.851011880048134,43.01071272291564
-0.4318335256779132,42.89847388292903,42.85271639236836,43.012417235235866
-0.4301915786109365,42.90017195095289,42.85441446039221,43.01411530325972
-0.4285558159166773,42.90186362322516,42.856106132664486,43.015806975531994
-0.4269261911831691,42.90354894774415,42.857791457183474,43.01749230005098
-0.4253026585189555,42.90522797196986,42.85947048140918,43.01917132427669
-0.42368517254533633,42.906900742832015,42.86114325227134,43.02084409513885
-0.42207368838875703,42.90856730673793,42.862809816177254,43.02251065904476
-0.42046816167333856,42.91022770958022,42.864470219019545,43.02417106188705
-0.4188685485135456,42.91188199674441,42.86612450618374,43.025825349051246
-0.4172748055069883,42.913530213116374,42.8677727225557,43.02747356542321
-0.41568688972735635,42.915172403089606,42.86941491252893,43.02911575539644
-0.41410475871748165,42.91680861057245,42.87105112001178,43.030751962879286
-0.4125283704825266,42.91843887899511,42.87268138843444,43.032382231301945
-0.41095768348329575,42.920063251316556,42.87430576075588,43.03400660362339
-0.40939265662966806,42.92168177003136,42.87592427947069,43.035625122338196
-0.40783324927414677,42.923294477176334,42.87753698661566,43.03723782948317
-0.40627942120552507,42.92490141433708,42.879143923776404,43.03884476664391
-0.4047311326426644,42.92650262265443,42.88074513209376,43.040445974961266
-0.4031883442283832,42.92809814283079,42.882340652270116,43.042041495137624
-0.40165101702345407,42.9296880151363,42.883930524575625,43.04363136744313
-0.40011911250070664,42.93127227941497,42.885514788854294,43.0452156317218
-0.39859259253923407,42.932850975090666,42.88709348452999,43.0467943273975
-0.39707141941870133,42.93442414117298,42.88866665061231,43.048367493479816
-0.395555555813752,42.93599181626304,42.890234325702366,43.049935168569874
-0.3940449647885135,42.93755403855916,42.89179654799849,43.051497390866
-0.39253960979119645,42.939110845862466,42.89335335530179,43.0530541981693
-0.39103945464878825,42.940662275582326,42.89490478502165,43.05460562788916
-0.38954446356183703,42.942208364741816,42.89645087418114,43.05615171704865
-0.38805460109932605,42.943749149982956,42.89799165942228,43.05769250228979
-0.38656983219363483,42.94528466757197,42.899527177011294,43.0592280198788
-0.385090122135587,42.94681495340437,42.901057462843696,43.060758305711204
-0.38361543656958136,42.94834004301003,42.90258255244935,43.06228339531686
-0.3821457414888057,42.94985997155808,42.9041024809974,43.06380332386491
-0.38068100323053194,42.95137477386183,42.905617283301154,43.06531812616866
-0.3792211884714891,42.95288448438353,42.90712699382286,43.066827836690365
-0.37776626422331466,42.95438913723906,42.90863164667839,43.068332489545895
-0.3763161978280819,42.95588876620259,42.910131275641916,43.069832118509424
-0.37487095695390094,42.95738340471109,42.91162591415041,43.07132675701792
-0.37343050959059365,42.958873085868824,42.91311559530815,43.07281643817566
-0.3719948240454393,42.96035784245177,42.914600351891096,43.074301194758604
-0.37056386893899057,42.9618377069119,42.916080216351226,43.075781059218734
-0.36913761320095845,42.96331271138148,42.9175552208208,43.07725606368831
-0.3677160260661643,42.96478288767722,42.91902539711654,43.07872623998405
-0.3662990770705578,42.96624826730441,42.92049077674373,43.08019161961124
-0.36488673604730004,42.967708881460986,42.92195139090031,43.08165223376782
-0.3634789731229097,42.96916476104149,42.923407270480816,43.083108113348324
-0.36207575871347164,42.970615936640996,42.92485844608032,43.08455928894783
-0.36067706352090684,42.972062438558986,42.92630494799831,43.08600579086582
-0.3592828585293015,42.97350429680312,42.927746806242446,43.087447649109954
-0.35789311500129584,42.97494154109298,42.92918405053231,43.088884893399815
-0.3565078044745294,42.976374200863766,42.93061671030309,43.0903175531706
-0.3551268987581438,42.97780230526988,42.93204481470921,43.091745657576716
-0.3537503699293405,42.97922588318851,42.93346839262784,43.093169235495346
-0.35237819032999285,42.98064496322313,42.93488747266245,43.09458831552996
-0.3510103325633116,42.98205957370693,42.93630208314625,43.09600292601376
-0.34964676949056317,42.98346974270623,42.93771225214555,43.09741309501306
-0.3482874742278383,42.984875498023825,42.93911800746315,43.09881885033066
-0.34693242014287223,42.98627686720226,42.94051937664158,43.10022021950909
-0.34558158085191343,42.98767387752706,42.94191638696638,43.10161722983389
-0.3442349302166414,42.989066556029954,42.94330906546928,43.10300990833679
-0.3428924423411322,42.99045492949197,42.94469743893129,43.1043982817988
-0.34155409156886996,42.99183902444654,42.94608153388587,43.105782376753375
-0.3402198524798053,42.99321886718258,42.9474613766219,43.10716221948941
-0.33888969988745826,42.99459448374741,42.94883699318674,43.108537836054246
-0.33756360883606523,42.99596589994979,42.95020840938911,43.10990925225662
-0.33624155459777,42.997333141362745,42.95157565080207,43.11127649366958
-0.33492351266985687,42.99869623332649,42.95293874276582,43.112639585633325
-0.3336094587720255,43.000055200951216,42.95429771039054,43.11399855325805
-0.33229936884370803,43.00141006911986,42.95565257855919,43.1153534214267
-0.3309932190414245,43.002760862490874,42.9570033719302,43.11670421479771
-0.32969098573617983,43.00410760550088,42.9583501149402,43.11805095780771
-0.3283926455108991,43.00545032236732,42.95969283180664,43.11939367467415
-0.3270981751579003,43.00678903709112,42.96103154653044,43.12073238939795
-0.3258075516764057,43.008123773459204,42.96236628289853,43.12206712576604
-0.3245207522700896,43.00945455504707,42.9636970644864,43.123397907353905
-0.3232377543446622,43.01078140522127,42.9650239146606,43.12472475752811
-0.3219585355054892,43.01210434714187,42.9663468565812,43.126047699448705
-0.3206830735552466,43.0134234037649,42.96766591320422,43.12736675607173
-0.31941134649160924,43.014738597844705,42.96898110728403,43.12868195015154
-0.31814333250497384,43.016049951936324,42.97029246137565,43.12999330424316
-0.3168790099762142,43.01735748839783,42.97159999783715,43.13130084070466
-0.3156183574744702,43.01866122939257,42.972903738831896,43.132604581699404
-0.3143613537549677,43.01996119689145,42.974203706330776,43.133904549198284
-0.3131079777568706,43.02125741267517,42.975499922114494,43.135200764982
-0.31185820860116337,43.022549898336365,42.97679240777569,43.1364932506432
-0.31061202558856443,43.023838675281816,42.97808118472114,43.13778202758865
-0.30936940819746866,43.02512376473454,42.97936627417386,43.13906711704137
-0.30813033608192025,43.02640518773592,42.98064769717524,43.14034854004275
-0.3068947890696133,43.027682965147726,42.98192547458705,43.14162631745456
-0.30566274715992175,43.02895711765421,42.98319962709353,43.14290046996104
-0.30443419052195647,43.030227665764066,42.98447017520339,43.1441710180709
-0.30320909949265024,43.03149462981243,42.98573713925175,43.14543798211926
-0.30198745457486914,43.03275802996284,42.98700053940217,43.146701382269676
-0.30076923643555115,43.03401788620916,42.98826039564849,43.147961238516
-0.29955442590386994,43.03527421837747,42.98951672781679,43.1492175706843
-0.2983430039694252,43.03652704612792,42.99076955556725,43.150470398434756
-0.29713495178045707,43.03777638895662,42.99201889839595,43.151719741263456
-0.2959302506420864,43.03902226619744,42.99326477563677,43.152965618504275
-0.29472888201457864,43.04026469702379,42.99450720646311,43.15420804933062
-0.2935308275116318,43.04150370045039,42.99574620988972,43.155447052757225
-0.2923360688986883,43.04273929533507,42.99698180477439,43.1566826476419
-0.2911445880912696,43.043971500380415,42.99821400981974,43.15791485268725
-0.28995636715333367,43.045200334135515,42.99944284357484,43.15914368644235
-0.28877138829565496,43.04642581499762,43.000668324436944,43.16036916730445
-0.2875896338742266,43.047647961213805,43.00189047065313,43.16159131352064
-0.28641108638868396,43.048866790882585,43.00310930032191,43.16281014318942
-0.2852357284807493,43.050082321955536,43.00432483139486,43.16402567426237
-0.2840635429326984,43.05129457223888,43.005537081678206,43.165237924545714
-0.2828945126658468,43.052503559395035,43.00674606883436,43.16644691170187
-0.2817286207390567,43.053709300944185,43.00795181038351,43.16765265325102
-0.2805658503472641,43.05491181426578,43.009154323705104,43.16885516657261
-0.2794061848200255,43.05611111660005,43.010353626039375,43.17005446890688
-0.2782496076200833,43.057307225049485,43.01154973448881,43.17125057735632
-0.2770961023419514,43.058500156580315,43.01274266601964,43.17244350888715
-0.275945652710519,43.059689928023914,43.01393243746324,43.17363328033075
-0.274798242579672,43.06087655607827,43.015119065517595,43.1748199083851
-0.2736538559309341,43.06206005730936,43.016302566748685,43.17600340961619
-0.27251247687212504,43.063240448152555,43.01748295759188,43.17718380045939
-0.2713740896360356,43.064417744913975,43.0186602543533,43.17836109722081
-0.27023867857912154,43.06559196377185,43.019834473211176,43.179535316078685
-0.26910622818021357,43.066763120777864,43.02100563021719,43.1807064730847
-0.26797672303924364,43.067931231858445,43.02217374129777,43.18187458416528
-0.2668501478759893,43.069096312816086,43.02333882225541,43.18303966512292
-0.2657264875288329,43.07025837933063,43.02450088876996,43.184201731637465
-0.26460572695353707,43.07141744696051,43.025659956399835,43.18536079926734
-0.26348785122203655,43.07257353114403,43.026816040583356,43.186516883450864
-0.26237284552124507,43.07372664720058,43.027969156639905,43.18766999950741
-0.26126069515187755,43.07487681033185,43.029119319771176,43.188820162638685
-0.26015138552728706,43.07602403562307,43.030266545062396,43.189967387929904
-0.25904490217231757,43.07716833804414,43.031410847483464,43.19111169035097
-0.25794123072217023,43.07830973245083,43.03255224189016,43.19225308475767
-0.2568403569212841,43.07944823358597,43.033690743025296,43.193391585892805
-0.255742266622232,43.08058385608053,43.034826365519855,43.19452720838736
-0.25464694578462926,43.08171661445478,43.0359591238941,43.19565996676161
-0.2535543804740565,43.08284652311942,43.03708903255875,43.196789875426255
-0.25246455686099606,43.08397359637666,43.038216105815984,43.19791694868349
-0.25137746121978194,43.085097848421285,43.03934035786061,43.19904120072812
-0.250293079927562,43.086219293341784,43.04046180278111,43.20016264564862
-0.24921139946327422,43.087337945121355,43.04158045456068,43.20128129742819
-0.24813240640663492,43.088453817638985,43.04269632707831,43.20239716994582
-0.24705608743713936,43.08956692467047,43.0438094341098,43.203510276977305
-0.24598242933307574,43.09067727988943,43.04491978932875,43.20462063219626
-0.24491141897055016,43.09178489686832,43.046027406307644,43.20572824917515
-0.2438430433225243,43.09288978907944,43.04713229851877,43.20683314138628
-0.24277728945786436,43.09399196989591,43.048234479335235,43.207935322202744
-0.24171414454040246,43.09509145259263,43.04933396203195,43.20903480489946
-0.24065359582800885,43.09618825034725,43.05043075978657,43.21013160265408
-0.2395956306716751,43.097282376241104,43.05152488568043,43.21122572854794
-0.23854023651460968,43.098373843260184,43.05261635269951,43.21231719556702
-0.23748740089134332,43.09946266429602,43.053705173735345,43.21340601660285
-0.23643711142684537,43.1005488521466,43.05479136158593,43.214492204453435
-0.23538935583565157,43.10163241951732,43.05587492895665,43.215575771824156
-0.2343441219210016,43.102713379021814,43.05695588846114,43.21665673132865
-0.2333013975739868,43.10379174318286,43.058034252622186,43.217735095489694
-0.2322611707727091,43.10486752443327,43.05911003387259,43.2188108767401
-0.23122342958144904,43.105940735116704,43.06018324455603,43.21988408742354
-0.23018816214984386,43.107011387488576,43.0612538969279,43.22095473979541
-0.22915535671207599,43.10807949371686,43.06232200315618,43.22202284602369
-0.2281250015860705,43.1091450658829,43.063387575322224,43.22308841818973
-0.227097085172702,43.11020811598229,43.064450625421614,43.22415146828912
-0.22607159595501167,43.11126865592562,43.065511165364946,43.225212008232454
-0.22504852249743273,43.11232669753933,43.066569206978656,43.226270049846164
-0.2240278534450254,43.11338225256647,43.06762476200579,43.2273256048733
-0.22300957752272044,43.11443533266747,43.068677842106794,43.2283786849743
-0.22199368353457224,43.11548594942096,43.06972845886028,43.22942930172779
-0.2209801603630201,43.11653411432448,43.070776623763805,43.230477466631314
-0.21996899696815778,43.11757983879529,43.07182234823461,43.23152319110212
-0.21896018238701268,43.11862313417107,43.07286564361039,43.2325664864779
-0.21795370573283224,43.11966401171066,43.073906521149986,43.233607364017494
-0.21694955619437886,43.120702482594844,43.07494499203417,43.23464583490168
-0.21594772303523357,43.12173855792699,43.075981067366314,43.23568191023382
-0.21494819559310702,43.122772248733824,43.07701475817315,43.23671560104066
-0.2139509632791583,43.12380356596611,43.07804607540543,43.23774691827294
-0.21295601557732244,43.124832520499346,43.07907502993867,43.23877587280618
-0.2119633420436448,43.125859123134454,43.08010163257378,43.23980247544129
-0.21097293230562295,43.126883384598464,43.08112589403779,43.2408267369053
-0.20998477606155685,43.127905315545185,43.08214782498451,43.24184866785202
-0.2089988630799058,43.12892492655587,43.08316743599519,43.2428682788627
-0.20801518319865242,43.12994222813986,43.084184737579186,43.243885580446694
-0.20703372632467473,43.13095723073527,43.085199740174595,43.2449005830421
-0.20605448243312446,43.131969944709574,43.0862124541489,43.24591329701641
-0.20507744156681273,43.13298038036031,43.087222889799634,43.24692373266714
-0.20410259383560245,43.133988547915635,43.08823105735496,43.24793190022247
-0.2031299294158078,43.13499445753502,43.08923696697435,43.248937809841856
-0.20215943854960033,43.13599811930982,43.09024062874914,43.24994147161665
-0.20119111154442113,43.136999543263855,43.09124205270318,43.25094289557069
-0.2002249387724006,43.13799873935408,43.09224124879341,43.251942091660915
-0.1992609106697838,43.13899571747115,43.09323822691047,43.25293906977798
-0.1982990177363622,43.13999048743997,43.09423299687929,43.2539338397468
-0.1973392505349124,43.14098305902032,43.09522556845965,43.254926411327155
-0.19638159969064042,43.14197344190744,43.096215951346764,43.25591679421427
-0.19542605589063192,43.142961645732534,43.09720415517186,43.25690499803937
-0.1944726098833093,43.1439476800634,43.09819018950272,43.25789103237023
-0.19352125247789412,43.144931554404955,43.09917406384428,43.25887490671179
-0.19257197454387512,43.14591327819979,43.10015578763912,43.259856630506626
-0.19162476701048306,43.14689286082871,43.10113537026803,43.26083621313554
-0.19067962086617027,43.147870311611264,43.10211282105059,43.2618136639181
-0.1897365271580962,43.148845639806304,43.10308814924563,43.26278899211314
-0.1887954769916188,43.14981885461248,43.1040613640518,43.26376220691931
-0.18785646152979113,43.150789965168784,43.10503247460811,43.26473331747562
-0.18691947199286346,43.15175898055506,43.106001489994384,43.26570233286189
-0.18598449965779038,43.152725909792494,43.10696841923182,43.26666926209933
-0.18505153585774411,43.153690761844146,43.10793327128347,43.26763411415098
-0.18412057198163218,43.15465354561543,43.10889605505476,43.268596897922265
-0.18319159947362026,43.15561426995461,43.10985677939394,43.269557622261445
-0.18226460983266102,43.15657294365331,43.110815453092634,43.27051629596014
-0.18133959461202687,43.15752957544695,43.111772084886276,43.271472927753784
-0.18041654541884813,43.158484174015264,43.11272668345459,43.2724275263221
-0.1794954539136565,43.15943674798276,43.113679257422085,43.27338010028959
-0.17857631180993278,43.160387305919194,43.11462981535852,43.27433065822603
-0.17765911087365927,43.16133585634001,43.115578365779335,43.27527920864684
-0.17674384292287773,43.162282407706826,43.11652491714615,43.27622576001366
-0.17583049982725119,43.163226968427864,43.11746947786719,43.2771703207347
-0.1749190735076304,43.164169546858425,43.11841205629775,43.27811289916526
-0.17400955593562542,43.16511015130129,43.11935266074062,43.279053503608125
-0.17310193913318112,43.16604879000722,43.12029129944654,43.27999214231405
-0.1721962151721571,43.16698547117532,43.12122798061465,43.28092882348216
-0.17129237617391255,43.167920202953525,43.12216271239285,43.28186355526036
-0.17039041430889476,43.168852993439,43.12309550287833,43.28279634574584
-0.1694903217962322,43.169783850678556,43.12402636011788,43.28372720298539
-0.16859209090333183,43.17071278266909,43.12495529210842,43.284656134975926
-0.16769571394548063,43.17163979735797,43.125882306797294,43.2855831496648
-0.16680118328545096,43.17256490264346,43.12680741208278,43.28650825495029
-0.16590849133310998,43.173488106375125,43.12773061581445,43.28743145868196
-0.16501763054503366,43.17440941635421,43.128651925793534,43.28835276866104
-0.1641285934241241,43.175328840334075,43.1295713497734,43.28927219264091
-0.16324137251923065,43.17624638602053,43.130488895459855,43.29018973832736
-0.16235596042477582,43.17716206107228,43.131404570511606,43.291105413379114
-0.16147234978038402,43.178075873101285,43.13231838254061,43.29201922540812
-0.16059053327051429,43.17898782967311,43.13323033911244,43.292931181979945
-0.15971050362409736,43.179897938307356,43.13414044774668,43.29384129061419
-0.15883225361417563,43.18080620647799,43.135048715917314,43.29474955878482
-0.15795577605754685,43.18171264161373,43.135955151053054,43.29565599392056
-0.15708106381441217,43.18261725109842,43.136859760537746,43.296560603405254
-0.1562081097880268,43.18352004227136,43.137762551710686,43.297463394578195
-0.1553369069243544,43.18442102242769,43.13866353186702,43.298364374734525
-0.1544674482117255,43.185320198818744,43.13956270825807,43.29926355112558
-0.15359972668049862,43.186217578652375,43.1404600880917,43.30016093095921
-0.152733735402725,43.18711316909332,43.14135567853265,43.301056521400156
-0.1518694674918169,43.188006977263555,43.14224948670288,43.30195032957039
-0.151006916102219,43.188899010242615,43.14314151968194,43.30284236254945
-0.15014607442908295,43.18978927506793,43.144031784507256,43.303732627374764
-0.14928693570794518,43.190677778735164,43.14492028817449,43.304621131042
-0.14842949321440832,43.19156452819857,43.145807037637894,43.3055078805054
-0.14757374026382508,43.19244953037125,43.146692039810574,43.30639288267808
-0.14671967021098556,43.19333279212556,43.147575301564885,43.30727614443239
-0.14586727644980793,43.19421432029337,43.148456829732694,43.3081576726002
-0.1450165524130316,43.19509412166641,43.14933663110573,43.30903747397324
-0.14416749157191355,43.19597220299656,43.15021471243588,43.30991555530339
-0.14332008743592803,43.1968485709962,43.15109108043553,43.310791923303036
-0.1424743335524686,43.19772323233848,43.15196574177781,43.311666584645316
-0.1416302235065533,43.19859619365764,43.15283870309697,43.312539545964476
-0.14078775092053294,43.199467461549325,43.15370997098865,43.31341081385616
-0.13994690945380184,43.20033704257085,43.154579552010176,43.314280394877684
-0.13910769280251128,43.20120494324153,43.15544745268085,43.31514829554836
-0.13827009469928644,43.20207117004295,43.156313679482274,43.31601452234978
-0.1374341089129452,43.20293572941927,43.1571782388586,43.31687908172611
-0.13659972924821984,43.20379862777752,43.15804113721685,43.31774198008436
-0.13576694954548216,43.204659871487856,43.15890238092718,43.31860322379469
-0.13493576368047006,43.205519466883864,43.15976197632319,43.3194628191907
-0.13410616556401767,43.20637742026283,43.16061992970216,43.320320772569666
-0.13327814914178743,43.207233737886035,43.16147624732536,43.32117709019287
-0.13245170839400522,43.208088425979,43.162330935418325,43.32203177828583
-0.13162683733519773,43.20894149073178,43.16318400017111,43.322884843038615
-0.13080353001393205,43.20979293829922,43.16403544773855,43.32373629060606
-0.12998178051255854,43.210642774801244,43.16488528424057,43.32458612710808
-0.1291615829469553,43.21149100632308,43.165733515762405,43.32543435862991
-0.12834293146627523,43.21233763891556,43.16658014835488,43.32628099122239
-0.1275258202526961,43.21318267859535,43.16742518803468,43.327126030902186
-0.12671024352117208,43.214026131345236,43.16826864078456,43.32796948365207
-0.1258961955191879,43.21486800311434,43.169110512553665,43.32881135542117
-0.12508367052651584,43.21570829981842,43.16995080925774,43.32965165212525
-0.12427266285497432,43.216547027340056,43.17078953677938,43.33049037964689
-0.12346316684818871,43.217384191528964,43.17162670096829,43.3313275438358
-0.12265517688135512,43.218219798202206,43.17246230764153,43.33216315050904
-0.12184868736100564,43.21905385314443,43.173296362583756,43.332997205451264
-0.12104369272477582,43.21988636210812,43.174128871547445,43.333829714414954
-0.12024018744117486,43.22071733081383,43.17495984025315,43.33466068312066
-0.11943816600935736,43.22154676495041,43.175789274389736,43.335490117257244
-0.11863762295889738,43.222374670175284,43.17661717961461,43.33631802248212
-0.1178385528495644,43.22320105211461,43.177443561553936,43.337144404421444
-0.11704095027110184,43.224025916363566,43.17826842580289,43.3379692686704
-0.1162448098430071,43.224849268486565,43.17909177792589,43.3387926207934
-0.11545012621431354,43.225671114017466,43.17991362345679,43.3396144663243
-0.11465689406337513,43.226491458459805,43.18073396789913,43.34043481076664
-0.11386510809765242,43.22731030728701,43.18155281672634,43.341253659593846
-0.11307476305350046,43.228127665942644,43.18237017538197,43.34207101824948
-0.11228585369595924,43.2289435398406,43.183186049279925,43.34288689214743
-0.11149837481854544,43.2297579343653,43.18400044380463,43.343701286672136
-0.11071232124304606,43.230570854871964,43.18481336431129,43.3445142071788
-0.10992768781931454,43.231382306686754,43.18562481612608,43.34532565899359
-0.1091444694250681,43.23219229510703,43.18643480454636,43.34613564741387
-0.10836266096568685,43.23300082540156,43.187243334840886,43.346944177708394
-0.1075822573740154,43.233807902810675,43.18805041225,43.34775125511751
-0.10680325361016559,43.23461353254653,43.18885604198586,43.348556884853366
-0.10602564466132103,43.235417719793276,43.1896602292326,43.34936107210011
-0.10524942554154389,43.23622046970728,43.1904629791466,43.35016382201411
-0.10447459129158294,43.23702178741727,43.191264296856595,43.3509651397241
-0.10370113697868323,43.23782167802463,43.192064187463956,43.351765030331464
-0.10292905769639808,43.23862014660349,43.19286265604281,43.35256349891032
-0.102158348564402,43.23941719820098,43.19365970764031,43.353360550507816
-0.1013890047283058,43.240212837837426,43.19445534727675,43.35415619014426
-0.10062102135947287,43.24100707050649,43.195249579945816,43.354950422813324
-0.09985439365483771,43.24179990117541,43.19604241061474,43.355743253482245
-0.09908911683672546,43.24259133478516,43.196833844224486,43.356534687091994
-0.09832518615267313,43.243381376250646,43.19762388568997,43.35732472855748
-0.0975625968752529,43.24417003046086,43.19841253990018,43.35811338276769
-0.09680134430189628,43.24495730227911,43.19919981171844,43.358900654585945
-0.09604142375472012,43.245743196543174,43.1999857059825,43.35968654885001
-0.09528283058035432,43.24652771806547,43.2007702275048,43.360471070372306
-0.09452556014977082,43.24731087163324,43.201553381072564,43.36125422394007
-0.09376960785811383,43.24809266200872,43.20233517144805,43.36203601431556
-0.09301496912453225,43.24887309392936,43.20311560336869,43.362816446236195
-0.09226163939201291,43.24965217210791,43.20389468154723,43.36359552441474
-0.09150961412721527,43.25042990123266,43.20467241067198,43.36437325353949
-0.09075888882030811,43.251206285967584,43.20544879540691,43.36514963827442
-0.09000945898480706,43.25198133095252,43.20622384039184,43.36592468325935
-0.08926132015741359,43.252755040803315,43.20699755024264,43.36669839311015
-0.08851446789785582,43.25352742011201,43.20776992955133,43.36747077241884
-0.0877688977887302,43.25429847344699,43.20854098288631,43.36824182575382
-0.08702460543534483,43.25506820535315,43.20931071479247,43.36901155765998
-0.08628158646556386,43.25583662035207,43.210079129791396,43.369779972658904
-0.08553983652965363,43.25660372294217,43.21084623238149,43.370547075249
-0.08479935130012985,43.25736951759881,43.211612027038136,43.371312869905644
-0.08406012647160582,43.25813400877457,43.212376518213894,43.3720773610814
-0.08332215776064265,43.25889720089927,43.213139710338595,43.3728405532061
-0.08258544090560015,43.25965909838022,43.213901607819544,43.37360245068705
-0.08184997166648895,43.26041970560233,43.214662215041656,43.374363057909164
-0.08111574582482452,43.26117902692827,43.21542153636759,43.3751223792351
-0.08038275918348173,43.26193706669862,43.21617957613795,43.375880419005455
-0.07965100756655077,43.26269382923202,43.216936338671346,43.376637181538854
-0.07892048681919474,43.26344931882532,43.21769182826465,43.37739267113216
-0.07819119280750791,43.26420353975372,43.21844604919305,43.378146892060556
-0.07746312141837523,43.26495649627092,43.219199005710244,43.37889984857775
-0.07673626855933346,43.26570819260925,43.21995070204858,43.379651544916086
-0.07601063015843296,43.266458632979855,43.22070114241918,43.38040198528669
-0.07528620216410069,43.26720782157278,43.22145033101211,43.381151173879616
-0.07456298054500478,43.26795576255714,43.22219827199647,43.38189911486398
-0.07384096128991974,43.26870246008128,43.222944969520604,43.38264581238811
-0.07312014040759302,43.26944791827285,43.22369042771218,43.383391270579686
-0.07240051392661248,43.27019214123902,43.22443465067835,43.384135493545855
-0.0716820778952754,43.27093513306655,43.22517764250588,43.384878485373385
-0.07096482838145812,43.27167689782196,43.22591940726129,43.385620250128795
-0.07024876147248672,43.272417439551674,43.226659948991,43.38636079185851
-0.06953387327500936,43.2731567622821,43.227399271721424,43.38710011458893
-0.06882015991486898,43.27389487001981,43.228137379459135,43.38783822232664
-0.06810761753697728,43.274631766751675,43.228874276191,43.38857511905851
-0.06739624230519006,43.27536745644494,43.229609965884265,43.38931080875177
-0.06668603040218314,43.27610194304741,43.23034445248673,43.39004529535424
-0.06597697802932928,43.27683523048754,43.23107773992687,43.390778582794375
-0.06526908140657661,43.2775673226746,43.231809832113925,43.39151067498143
-0.0645623367723276,43.278298223498744,43.23254073293807,43.39224157580558
-0.06385674038331886,43.27902793683118,43.2332704462705,43.39297128913801
-0.06315228851450262,43.279756466524276,43.2339989759636,43.39369981883111
-0.0624489774589285,43.28048381641168,43.23472632585101,43.394427168718515
-0.06174680352762634,43.28120999030846,43.23545249974779,43.395153342615295
-0.06104576304949043,43.28193499201119,43.23617750145051,43.39587834431802
-0.0603458523711641,43.2826588252981,43.236901334737425,43.39660217760493
-0.059647067856925626,43.28338149392918,43.2376240033685,43.39732484623601
-0.05894940588857469,43.284103001646294,43.23834551108562,43.39804635395313
-0.058252862865320304,43.28482335217331,43.23906586161264,43.398766704480146
-0.057557435203669106,43.2855425492162,43.23978505865553,43.399485901523036
-0.05686311933731463,43.28626059646317,43.2405031059025,43.400203948770006
-0.05616991171702785,43.286977497584765,43.24122000702409,43.4009208498916
-0.0554778088105482,43.28769325623396,43.24193576567328,43.40163660854079
-0.05478680710247539,43.28840787604632,43.242650385485646,43.402351228353155
-0.05409690309416259,43.289121360640074,43.2433638700794,43.40306471294691
-0.05340809330361002,43.28983371361623,43.24407622305556,43.403777065923066
-0.052720374265359304,43.2905449385587,43.24478744799803,43.40448829086554
-0.0520337425303892,43.2912550390344,43.24549754847372,43.40519839134123
-0.05134819466601165,43.29196401859332,43.246206528032644,43.40590737090015
-0.05066372725576865,43.29267188076871,43.24691439020803,43.40661523307554
-0.04998033689933043,43.29337862907712,43.24762113851644,43.40732198138395
-0.049298020212393906,43.29408426701852,43.248326776457844,43.40802761932535
-0.048616773826582,43.294788798076425,43.24903130751575,43.40873215038326
-0.047936594389344146,43.295492225717965,43.24973473515729,43.4094355780248
-0.04725747856385711,43.29619455339402,43.25043706283334,43.41013790570085
-0.046579423028926904,43.296895784539295,43.25113829397862,43.41083913684613
-0.045902424478891035,43.29759592257245,43.25183843201177,43.41153927487928
-0.04522647962352222,43.298294970896166,43.25253748033549,43.412238323203
-0.04455158518793222,43.29899293289726,43.25323544233658,43.41293628520409
-0.04387773791247654,43.299689811946784,43.25393232138611,43.41363316425362
-0.04320493455266021,43.300385611400145,43.25462812083947,43.41432896370698
-0.04253317187904394,43.30108033459715,43.25532284403648,43.415023686903986
-0.04186244667715098,43.30177398486216,43.256016494301484,43.41571733716899
-0.04119275574737506,43.302466565504126,43.25670907494345,43.41640991781096
-0.04052409590488876,43.30315807981673,43.25740058925606,43.417101432123566
-0.039856463979552365,43.303848531078486,43.25809104051781,43.41779188338532
-0.0391898568158241,43.30453792255277,43.25878043199209,43.4184812748596
-0.03852427127267041,43.30522625748798,43.259468766927306,43.419169609794814
-0.03785970422347705,43.305913539117604,43.26015604855693,43.41985689142444
-0.03719615255596123,43.30659977066029,43.26084228009962,43.420543122967125
-0.03653361317208406,43.30728495531998,43.261527464759304,43.42122830762681
-0.035872082987963544,43.30796909628595,43.26221160572528,43.421912448592785
-0.035211558933788814,43.308652196732936,43.26289470617226,43.42259554903977
-0.03455203795373448,43.30933425982121,43.26357676926054,43.42327761212805
-0.03389351700587565,43.31001528869668,43.26425779813601,43.423958641003516
-0.03323599306210407,43.31069528649095,43.26493779593027,43.42463863879778
-0.032579463108044354,43.31137425632141,43.26561676576073,43.42531760862824
-0.03192392414297119,43.31205220129136,43.26629471073068,43.42599555359819
-0.03126937317972682,43.312729124490055,43.26697163392938,43.42667247679689
-0.030615807244639696,43.31340502899281,43.267647538432136,43.427348381299645
-0.02996322337744326,43.31407991786107,43.2683224273004,43.428023270167905
-0.029311618631195344,43.3147537941425,43.26899630358182,43.42869714644933
-0.028660990072198623,43.31542666087107,43.269669170310394,43.4293700131779
-0.02801133477992122,43.31609852106713,43.27034103050646,43.430041873373966
-0.02736264984691788,43.316769377737515,43.27101188717684,43.43071273004435
-0.026714932378752224,43.317439233875575,43.2716817433149,43.43138258618241
-0.02606817949391909,43.31810809246131,43.272350601900634,43.43205144476814
-0.02542238832376747,43.31877595646142,43.27301846590075,43.432719308768256
-0.024777556012424477,43.319442828829395,43.27368533826872,43.43338618113623
-0.024133679716719415,43.32010871250558,43.274351221944904,43.43405206481241
-0.02349075660610839,43.32077361041726,43.27501611985659,43.434716962724096
-0.022848783862599985,43.32143752547876,43.27568003491808,43.43538087778559
-0.02220775868068098,43.322100460591464,43.27634297003079,43.4360438128983
-0.021567678267242638,43.32276241864396,43.27700492808329,43.436705770950795
-0.020928539841507988,43.32342340251207,43.277665911951395,43.4373667548189
-0.02029034063495913,43.32408341505893,43.278325924498255,43.43802676736576
-0.01965307789126541,43.324742459135095,43.27898496857442,43.43868581144193
-0.019016748866211745,43.32540053757857,43.27964304701789,43.4393438898854
-0.018381350827628064,43.326057653214896,43.28030016265422,43.44000100552173
-0.017746881055318752,43.326713808857264,43.28095631829659,43.4406571611641
-0.017113336840992623,43.32736900730652,43.28161151674585,43.441312359613356
-0.016480715488193864,43.32802325135129,43.282265760790615,43.44196660365812
-0.015849014312233022,43.328676543768026,43.28291905320735,43.44261989607486
-0.015218230640118499,43.32932888732107,43.283571396760394,43.4432722396279
-0.01458836181048898,43.32998028476276,43.28422279420209,43.443923637069595
-0.013959405173545924,43.33063073883346,43.28487324827279,43.444574091140296
-0.013331358090986511,43.33128025226164,43.28552276170097,43.445223604568476
-0.012704217935937553,43.331928827763974,43.2861713372033,43.44587218007081
-0.01207798209288942,43.33257646804536,43.286818977484685,43.446519820352194
-0.011452647957630433,43.33322317579902,43.287465685238345,43.44716652810585
-0.010828212937182191,43.333868953706556,43.28811146314588,43.44781230601339
-0.010204674449734913,43.33451380443803,43.28875631387736,43.448457156744865
-0.009582029924583228,43.33515773065201,43.28940024009133,43.44910108295884
-0.008960276802062895,43.335800734995644,43.29004324443497,43.44974408730248
-0.008339412533487458,43.336442820104736,43.29068532954406,43.45038617241157
-0.007719434581085666,43.337083988603794,43.29132649804312,43.45102734091063
-0.007100340417939032,43.33772424310611,43.291966752545434,43.45166759541294
-0.006482127527920334,43.33836358621381,43.292606095653134,43.45230693852064
-0.005864793405632114,43.339002020517924,43.29324452995725,43.45294537282476
-0.005248335556345604,43.33963954859844,43.29388205803777,43.453582900905275
-0.004632751495940534,43.34027617302441,43.29451868246373,43.45421952533124
-0.004018038750844923,43.340911896353916,43.29515440579324,43.45485524866075
-0.0034041948579752947,43.34154672113426,43.29578923057358,43.45549007344109
-0.0027912173646777545,43.342180649901906,43.29642315934123,43.45612400220874
-0.0021791038286690444,43.34281368518263,43.29705619462195,43.45675703748946
-0.0015678518179780125,43.34344582949151,43.29768833893083,43.45738918179834
-0.0009574589108879294,43.34407708533304,43.298319594772366,43.458020437639874
-0.0003479226958787743,43.344707455201174,43.2989499646405,43.45865080750801
0.00026075922843007423,43.34533694157936,43.29957945101869,43.459280293886195
0.0008685892533363124,43.34596554694064,43.300208056379965,43.45990889924747
0.001475569760111273,43.346593273747665,43.30083578318699,43.4605366260545
0.00208170312005585,43.34722012445279,43.301462633892115,43.46116347675962
0.00268699169455599,43.347846101498114,43.30208861093744,43.46178945380495
0.00329143783513827,43.348471207315534,43.30271371675486,43.46241455962237
0.003895043883524138,43.34909544432682,43.303337953766146,43.463038796633654
0.004497812171684728,43.349718814943635,43.30396132438296,43.46366216725047
0.005099745021894826,43.35034132156763,43.30458383100696,43.46428467387447
0.005700844746786544,43.350962966590494,43.30520547602982,43.46490631889733
0.006301113649402544,43.35158375239398,43.3058262618333,43.46552710470081
0.006900554023249354,43.35220368134998,43.3064461907893,43.46614703365681
0.007499168152349387,43.35282275582059,43.307065265259915,43.46676610812742
0.008096958311293524,43.35344097815813,43.30768348759746,43.46738433046497
0.00869392676529289,43.354058350705266,43.30830086014459,43.4680017030121
0.009290075770230341,43.354674875794956,43.30891738523428,43.46861822810179
0.009885407572711634,43.35529055575061,43.30953306518993,43.46923390805744
0.010479924410116108,43.35590539288607,43.3101479023254,43.469848745192905
0.01107362851064753,43.356519389505706,43.31076189894503,43.47046274181254
0.011666522093383626,43.35713254790444,43.31137505734377,43.471075900211275
0.012258607368326232,43.35774487036782,43.31198737980714,43.47168822267465
0.012849886536450616,43.35835635917203,43.31259886861135,43.47229971147886
0.013440361789754583,43.358967016583996,43.31320952602332,43.47291036889083
0.014030035311307124,43.359576844861415,43.31381935430074,43.47352019716825
0.014618909275297227,43.360185846252776,43.3144283556921,43.47412919855961
0.015206985847081415,43.36079402299745,43.31503653243678,43.47473737530429
0.015794267183231885,43.361401377325734,43.31564388676506,43.47534472963257
0.016380755431583877,43.362007911458846,43.31625042089817,43.47595126376568
0.016966452731282795,43.36261362760907,43.3168561370484,43.476556979915905
0.01755136121283094,43.36321852797972,43.317461037419044,43.47716188028655
0.01813548299813436,43.363822614765226,43.31806512420455,43.47776596707206
0.018718820200548516,43.36442589015118,43.31866839959051,43.478369242458015
0.01930137492492449,43.365028356314376,43.3192708657537,43.47897170862121
0.01988314926765448,43.36563001542286,43.319872524862184,43.47957336772969
0.020464145316717076,43.36623086963597,43.320473379075295,43.480174221942804
0.021044365151722203,43.3668309211044,43.32107343054373,43.480774273411235
0.0216238108439557,43.36743017197024,43.32167268140957,43.481373524277075
0.02220248445642406,43.368028624367,43.322271133806325,43.48197197667383
0.02278038804389793,43.36862628041968,43.32286878985901,43.482569632726516
0.023357523652956274,43.36922314224482,43.323465651684145,43.483166494551654
0.023933893322029765,43.36981921195051,43.32406172138983,43.48376256425734
0.02450949908144397,43.37041449163648,43.324657001075806,43.484357843943314
0.025084342953462183,43.37100898339411,43.32525149283344,43.484952335700946
0.025658426952328423,43.37160268930649,43.32584519874582,43.485546041613325
0.026231753084309216,43.37219561144847,43.326438120887794,43.4861389637553
0.02680432334773605,43.37278775188666,43.32703026132599,43.486731104193495
0.02737613973304706,43.37337911267956,43.32762162211888,43.48732246498639
0.027947204222828547,43.37396969587749,43.32821220531682,43.487913048184325
0.028517518791856142,43.37455950352275,43.32880201296207,43.48850285582958
0.029087085407136126,43.37514853764956,43.32939104708888,43.48909188995639
0.029655906027945603,43.375736800284166,43.32997930972349,43.489680152591
0.030223982605873296,43.37632429344487,43.33056680288419,43.4902676457517
0.03079131708485964,43.37691101914204,43.33115352858137,43.490854371448876
0.03135791140123668,43.37749697937821,43.33173948881753,43.49144033168504
0.03192376748376764,43.378082176148055,43.33232468558738,43.49202552845489
0.0324888872536867,43.378666611438476,43.3329091208778,43.49260996374531
0.03305327262473754,43.379250287228636,43.33349279666796,43.49319363953547
0.03361692550321266,43.37983320548997,43.3340757149293,43.49377655779681
0.03417984778799185,43.380415368186284,43.33465787762561,43.49435872049312
0.03474204137058062,43.38099677727371,43.33523928671303,43.49494012958054
0.03530350813514832,43.38157743470082,43.33581994414015,43.495520787007656
0.03586424995856594,43.382157342408654,43.33639985184798,43.49610069471549
0.0364242687104441,43.3827365023307,43.336979011770026,43.496679854637534
0.036983566253169946,43.383314916393026,43.33755742583235,43.49725826869986
0.037542144441944626,43.38389258651422,43.33813509595355,43.497835938821055
0.03810000512482016,43.38446951460552,43.338712024044845,43.49841286691235
0.03865715014273612,43.38504570257077,43.339288212010096,43.498989054877605
0.03921358132955598,43.38562115230653,43.33986366174585,43.49956450461336
0.039769300512103666,43.38619586570205,43.340438375141375,43.50013921800888
0.04032430951019907,43.38676984463935,43.34101235407868,43.50071319694619
0.04087861013669413,43.38734309099326,43.34158560043259,43.501286443300096
0.041432204197508246,43.38791560663142,43.34215811607074,43.50185895893825
0.041985093491663614,43.38848739341433,43.342729902853655,43.50243074572116
0.0425372798113202,43.38905845319542,43.34330096263474,43.50300180550225
0.04308876494181098,43.389628787821025,43.34387129726035,43.50357214012786
0.04363955066167598,43.3901983991305,43.34444090856982,43.50414175143733
0.044189638742697115,43.39076728895616,43.34500979839549,43.504710641262996
0.04473903094993225,43.39133545912342,43.34557796856274,43.50527881143025
0.045287729041749214,43.39190291145072,43.346145420890046,43.505846263757554
0.045835734769859526,43.392469647749664,43.34671215718899,43.5064130000565
0.04638304987935191,43.393035669824975,43.3472781792643,43.50697902213181
0.046929676108725955,43.39360097947458,43.3478434889139,43.50754433178141
0.04747561518992472,43.39416557848961,43.34840808792894,43.508108930796446
0.048020868848368044,43.394729468654475,43.3489719780938,43.50867282096131
0.04856543880298513,43.39529265174685,43.349535161186175,43.50923600405368
0.049109326766247116,43.39585512953773,43.350097638977054,43.50979848184456
0.04965253444419924,43.396416903791476,43.3506594132308,43.51036025609831
0.05019506353649332,43.39697797626584,43.35122048570516,43.51092132857267
0.050736915736419176,43.397538348711976,43.3517808581513,43.51148170101881
0.051278092730936635,43.398098022874514,43.35234053231384,43.51204137518135
0.051818596200706966,43.398657000491546,43.35289950993087,43.51260035279838
0.05235842782012423,43.399215283294716,43.35345779273404,43.51315863560155
0.05289758925734629,43.399772873009184,43.35401538244851,43.51371622531602
0.05343608217432608,43.400329771353704,43.35457228079303,43.51427312366054
0.05397390822684183,43.40088598004066,43.35512848947999,43.514829332347496
0.05451106906452799,43.401441500776066,43.35568401021539,43.5153848530829
0.05504756633090545,43.40199633525962,43.35623884469894,43.51593968756645
0.05558340166341174,43.40255048518472,43.356792994624044,43.51649383749155
0.05611857669343103,43.40310395223851,43.357346461677835,43.51704730454534
0.05665309304632382,43.40365673810191,43.35789924754123,43.51760009040874
0.057186952341456904,43.404208844449634,43.35845135388896,43.51815219675647
0.057720156192232294,43.40476027295023,43.35900278238955,43.51870362525706
0.05825270620611684,43.4053110252661,43.35955353470543,43.519254377572935
0.058784603984671197,43.40586110305356,43.360103612492885,43.51980445536039
0.05931585112357872,43.406410507962825,43.36065301740215,43.52035386026966
0.059846449212674124,43.40695924163806,43.36120175107739,43.520902593944896
0.06037639983597235,43.40750730571744,43.36174981515676,43.52145065802427
0.06090570457169645,43.408054701833116,43.36229721127244,43.52199805413995
0.06143436499230609,43.4086014316113,43.36284394105063,43.522544783918136
0.06196238266452554,43.40914749667226,43.36339000611159,43.523090848979095
0.06248975914937151,43.409692898630375,43.3639354080697,43.52363625093721
0.06301649600218073,43.41023763909414,43.36448014853347,43.524180991400975
0.06354259477263788,43.41078171966621,43.365024229105536,43.524725071973045
0.06406805700480234,43.411325141943415,43.36556765138274,43.52526849425025
0.06459288423713583,43.4118679075168,43.366110416956126,43.525811259823634
0.06511707800252925,43.41241001797165,43.36665252741098,43.526353370278485
0.06564063982832961,43.41295147488752,43.367193984326846,43.526894827194354
0.06616357123636672,43.41349227983825,43.36773478927758,43.527435632145085
0.0666858737429796,43.414032434392006,43.36827494383133,43.52797578669884
0.06720754885904326,43.414571940111315,43.36881444955064,43.52851529241815
0.06772859808999439,43.41511079855306,43.369353307992384,43.52905415085989
0.06824902293585777,43.41564901126853,43.36989152070785,43.52959236357536
0.0687688248912721,43.41618657980346,43.37042908924278,43.53012993211029
0.06928800544551571,43.41672350569803,43.370966015137355,43.530666858004864
0.06980656608253216,43.417259790486895,43.37150229992622,43.53120314279373
0.07032450828095593,43.41779543569924,43.372037945138565,43.53173878800607
0.07084183351413734,43.41833044285877,43.37257295229809,43.5322737951656
0.07135854325016787,43.41886481348375,43.373107322923076,43.532808165790584
0.07187463895190521,43.41939854908705,43.373641058526374,43.53334190139388
0.07239012207699805,43.41993165117613,43.37417416061545,43.53387500348296
0.0729049940779107,43.42046412125309,43.374706630692415,43.534407473559924
0.073419256401948,43.42099596081472,43.37523847025405,43.534939313121555
0.0739329104912792,43.42152717135248,43.375769680791805,43.53547052365931
0.0744459577829626,43.42205775435254,43.37630026379186,43.53600110665937
0.07495839970896953,43.42258771129582,43.376830220735144,43.53653106360265
0.07547023769620838,43.42311704365799,43.377359553097314,43.53706039596482
0.07598147316654846,43.42364575290953,43.377888262348854,43.53758910521636
0.07649210753684353,43.424173840515714,43.37841634995504,43.53811719282255
0.07700214221895578,43.42470130793666,43.37894381737598,43.53864466024349
0.07751157861977871,43.425228156627355,43.37947066606668,43.53917150893419
0.07802041814126076,43.42575438803766,43.379996897476985,43.539697740344494
0.07852866218042835,43.426280003612355,43.38052251305168,43.54022335591919
0.07903631212940895,43.42680500479115,43.381047514230474,43.54074835709798
0.07954336937545382,43.427329393008705,43.38157190244803,43.54127274531554
0.0800498353009611,43.42785316969467,43.382095679134,43.541796522001505
0.08055571128349798,43.42837633627371,43.38261884571303,43.54231968858054
0.08106099869582341,43.428898894165485,43.38314140360481,43.54284224647232
0.08156569890591046,43.42942084478473,43.383663354224055,43.54336419709156
0.08206981327696851,43.42994218954126,43.38418469898058,43.54388554184809
0.08257334316746524,43.43046292983996,43.38470543927929,43.544406282146795
0.08307628993114895,43.43098306708085,43.38522557652018,43.544926419387686
0.0835786549170699,43.43150260265911,43.385745112098434,43.54544595496594
0.08408043946960232,43.432021537965035,43.38626404740436,43.54596489027187
0.084581644928466,43.432539874384155,43.38678238382348,43.54648322669099
0.08508227262874761,43.43305761329718,43.387300122736505,43.54700096560401
0.0855823239009222,43.43357475608007,43.387817265519395,43.5475181083869
0.08608180007087418,43.434091304104015,43.38833381354334,43.54803465641085
0.08658070245991888,43.434607258735504,43.38884976817483,43.54855061104234
0.08707903238482291,43.435122621336305,43.38936513077563,43.54906597364314
0.08757679115782542,43.435637393263505,43.38987990270283,43.54958074557034
0.08807398008665875,43.43615157586954,43.39039408530886,43.55009492817637
0.08857060047456897,43.436665170502195,43.39090767994152,43.55060852280903
0.08906665362033639,43.437178178504645,43.39142068794397,43.55112153081148
0.08956214081829618,43.437690601215465,43.39193311065479,43.5516339535223
0.09005706335835824,43.438202439968656,43.39244494940798,43.55214579227549
0.09055142252602759,43.43871369609366,43.39295620553298,43.55265704840049
0.09104521960242433,43.43922437091538,43.39346688035471,43.55316772322222
0.09153845586430363,43.43973446575421,43.39397697519354,43.55367781806105
0.09203113258407539,43.440243981926066,43.39448649136539,43.5541873342329
0.09252325102982425,43.440752920742355,43.39499543018168,43.55469627304919
0.09301481246532876,43.44126128351006,43.395503792949384,43.55520463581689
0.09350581815008112,43.441769071531716,43.39601158097104,43.55571242383855
0.09399626933930645,43.44227628610546,43.396518795544786,43.556219638412294
0.0944861672839821,43.44278292852503,43.39702543796435,43.55672628083186
0.09497551323085675,43.443289000079766,43.39753150951909,43.5572323523866
0.09546430842246935,43.4437945020547,43.398037011494026,43.557737854361534
0.09595255409716845,43.4442994357305,43.398541945169825,43.55824278803733
0.09644025148913048,43.44480380238352,43.39904631182284,43.55874715469035
0.09692740182837876,43.44530760328583,43.39955011272516,43.55925095559267
0.09741400634080213,43.44581083970522,43.40005334914454,43.55975419201205
0.09790006624817339,43.44631351290522,43.400556022344546,43.560256865212054
0.09838558276816763,43.446815624145124,43.40105813358445,43.56075897645196
0.09887055711438086,43.44731717468001,43.401559684119334,43.56126052698684
0.09935499049634776,43.44781816576075,43.402060675200076,43.561761518067584
0.09983888411956006,43.448318598634046,43.40256110807337,43.56226195094088
0.10032223918548447,43.44881847454243,43.40306098398175,43.56276182684926
0.10080505689158059,43.44931779472428,43.403560304163605,43.56326114703111
0.10128733843131862,43.449816560413865,43.40405906985319,43.5637599127207
0.1017690849941974,43.450314772841345,43.40455728228067,43.56425812514818
0.10225029776576147,43.45081243323278,43.4050549426721,43.56475578553961
0.102730977927619,43.45130954281016,43.40555205224948,43.56525289511699
0.10321112665745902,43.45180610279144,43.40604861223076,43.56574945509827
0.10369074512906878,43.45230211439051,43.40654462382984,43.566245466697346
0.10416983451235098,43.45279757881728,43.40704008825661,43.566740931124116
0.10464839597334077,43.45329249727763,43.407535006716955,43.56723584958446
0.10512643067422311,43.45378687097346,43.408029380412785,43.56773022328029
0.10560393977334928,43.454280701102725,43.40852321054205,43.56822405340956
0.10608092442525395,43.454773988859415,43.40901649829874,43.56871734116625
0.10655738578067189,43.4552667354336,43.40950924487292,43.56921008774043
0.10703332498655467,43.45575894201142,43.410001451450746,43.569702294318255
0.10750874318608708,43.456250609775154,43.41049311921448,43.57019396208199
0.10798364151870395,43.456741739903165,43.41098424934249,43.57068509221
0.10845802112010607,43.45723233356999,43.411474843009316,43.571175685876824
0.10893188312227678,43.457722391946284,43.41196490138561,43.57166574425312
0.10940522865349814,43.458211916198906,43.41245442563823,43.57215526850574
0.10987805883836699,43.45870090749088,43.412943416930204,43.57264425979771
0.11035037479781092,43.459189366981455,43.41343187642078,43.57313271928829
0.11082217764910458,43.4596772958261,43.41391980526542,43.57362064813293
0.11129346850588502,43.460164695176495,43.41440720461582,43.57410804748333
0.11176424847816774,43.460651566180616,43.41489407561994,43.57459491848745
0.1122345186723624,43.461137909982675,43.415380419422,43.57508126228951
0.11270428019128832,43.46162372772319,43.41586623716252,43.57556708003003
0.11317353413419005,43.46210902053898,43.41635152997831,43.576052372845815
0.11364228159675274,43.46259378956318,43.416836299002505,43.57653714187001
0.11411052367111774,43.46307803592525,43.417320545364575,43.57702138823208
0.11457826144589744,43.46356176075103,43.41780427019035,43.57750511305786
0.11504549600619081,43.464044965162685,43.41828747460201,43.57798831746952
0.11551222843359833,43.464527650278804,43.41877015971813,43.57847100258564
0.11597845980623708,43.46500981721434,43.41925232665366,43.57895316952117
0.1164441911987556,43.465491467080675,43.41973397652,43.57943481938751
0.11690942368234902,43.46597260098562,43.42021511042495,43.579915953292456
0.11737415832477345,43.46645322003343,43.420695729472754,43.58039657234026
0.11783839619036092,43.46693332532481,43.421175834764135,43.58087667763164
0.11830213834003396,43.46741291795694,43.42165542739627,43.581356270263775
0.11876538583132018,43.4678919990235,43.422134508462825,43.581835351330334
0.11922813971836657,43.46837056961467,43.422613079053995,43.582313921921504
0.11969040105195433,43.46884863081714,43.42309114025647,43.582791983123975
0.12015217087951259,43.469326183714145,43.42356869315347,43.58326953602098
0.12061345024513306,43.469803229385455,43.42404573882478,43.58374658169229
0.12107424018958407,43.47027976890742,43.42452227834674,43.58422312121425
0.12153454175032469,43.47075580335295,43.424998312792276,43.584699155659784
0.1219943559615186,43.47123133379157,43.4254738432309,43.585174686098405
0.12245368385404842,43.471706361289385,43.42594887072871,43.58564971359622
0.1229125264555291,43.472180886909136,43.42642339634846,43.58612423921597
0.12337088479032195,43.4726549117102,43.426897421149526,43.586598264017034
0.12382875987954836,43.473128436748596,43.42737094618792,43.58707178905543
0.12428615274110347,43.47360146307702,43.42784397251634,43.58754481538385
0.12474306438966964,43.47407399174482,43.42831650118414,43.58801734405165
0.12519949583673,43.474546023798055,43.42878853323738,43.58848937610489
0.12565544809058207,43.4750175602795,43.42926006971882,43.58896091258633
0.1261109221563508,43.475488602228616,43.42973111166794,43.58943195453545
0.12656591903600203,43.475959150681625,43.43020166012095,43.58990250298846
0.12702043972835578,43.47642920667149,43.430671716110815,43.59037255897832
0.1274744852290993,43.476898771227916,43.43114128066724,43.59084212353475
0.12792805653080008,43.477367845377415,43.43161035481674,43.59131119768425
0.12838115462291927,43.47783643014325,43.432078939582574,43.59177978245008
0.1288337804918241,43.478304526545514,43.43254703598484,43.59224787885235
0.12928593512080105,43.4787721356011,43.43301464504042,43.59271548790793
0.12973761949006865,43.47923925832372,43.43348176776305,43.593182610630556
0.13018883457679023,43.479705895723946,43.43394840516327,43.59364924803078
0.13063958135508644,43.480172048809195,43.43441455824852,43.59411540111603
0.13108986079604823,43.48063771858374,43.43488022802307,43.59458107089058
0.131539673867749,43.481102906048754,43.43534541548808,43.59504625835559
0.13198902153525735,43.48156761220228,43.4358101216416,43.59551096450911
0.13243790476064937,43.48203183803928,43.43627434747861,43.59597519034612
0.13288632450302104,43.48249558455164,43.43673809399097,43.596438936858476
0.13333428171850056,43.48295885272816,43.437201362167485,43.59690220503499
0.13378177736026053,43.4834216435546,43.437664152993925,43.59736499586143
0.13422881237853024,43.48388395801366,43.43812646745298,43.59782731032049
0.13467538772060758,43.484345797085005,43.43858830652433,43.59828914939184
0.13512150433087122,43.484807161745316,43.43904967118464,43.59875051405215
0.1355671631507925,43.48526805296823,43.439510562407555,43.599211405275064
0.13601236511894754,43.48572847172441,43.43997098116373,43.59967182403124
0.13645711117102874,43.48618841898151,43.44043092842084,43.600131771288346
0.1369014022398571,43.486647895704266,43.44089040514359,43.6005912480111
0.1373452392553935,43.4871069028544,43.441349412293725,43.60105025516123
0.13778862314475054,43.48756544139072,43.44180795083005,43.601508793697555
0.1382315548322042,43.4880235122691,43.44226602170843,43.601966864575935
0.13867403523920538,43.48848111644248,43.442723625881804,43.60242446874931
0.13911606528439127,43.48893825486089,43.443180764300216,43.602881607167724
0.13955764588359718,43.48939492847148,43.4436374379108,43.60333828077831
0.1399987779498674,43.48985113821849,43.444093647657816,43.603794490525324
0.14043946239346689,43.4903068850433,43.44454939448263,43.604250237350136
0.14087970012189244,43.490762169884434,43.44500467932376,43.60470552219127
0.14131949203988384,43.49121699367755,43.44545950311687,43.60516034598438
0.14175883904943512,43.491671357355465,43.44591386679479,43.6056147096623
0.14219774204980556,43.49212526184818,43.446367771287505,43.606068614155014
0.142636201937531,43.492578708082874,43.4468212175222,43.60652206038971
0.14307421960643435,43.49303169698393,43.44727420642325,43.60697504929076
0.14351179594763686,43.493484229472905,43.44772673891223,43.60742758177974
0.14394893184956903,43.49393630646861,43.44817881590794,43.607879658775445
0.14438562819798118,43.49438792888707,43.4486304383264,43.608331281193905
0.14482188587595438,43.49483909764155,43.44908160708088,43.608782449948386
0.1452577057639114,43.495289813642565,43.44953232308189,43.6092331659494
0.14569308873962677,43.49574007779789,43.449982587237216,43.609683430104724
0.146128035678238,43.49618989101257,43.450432400451895,43.6101332433194
